Title,rating,reviewCount,website,phoneNumber,address,monday,tuesday,wednesday,thursday,friday,saturday,sunday
Metal Machine Tattoo Studio,,,https://www.mmtattoo.com/,+27 21 423 0688,49 Shortmarket St - Central - Cape Town - 8001 - South Africa,Closed,10a.m. - 5p.m.,10a.m. - 5p.m.,10a.m. - 5p.m.,10a.m. - 5p.m.,10a.m. - 3p.m.,Closed
Hoodoo Tattoos,,,https://www.facebook.com/HoodooTattoos/,+27 21 486 9003,186 Lower Main Rd - Observatory - Cape Town - 7441 - South Africa,Closed,10a.m. - 6p.m.,10a.m. - 6p.m.,10a.m. - 6p.m.,10a.m. - 6p.m.,10a.m. - 6p.m.,Closed
Cape Electric Tattoo,,,capeelectrictattoo.com,+27 21 423 7646,11 Buitensingel St - Gardens - Cape Town - 8001 - South Africa,11a.m. - 7p.m.,11a.m. - 7p.m.,11a.m. - 7p.m.,11a.m. - 7p.m.,11a.m. - 7p.m.,11a.m. - 7p.m.,Closed
Cape Town Tattoos. Mr Lucky'S,,,http://www.capetowntattoo.com/,+27 84 588 6005,Fairweather house - 31 Francis Street - Zonnebloem The Basement - Zonnebloem - Cape Town - 7915 - South Africa,Closed,12 - 5:30p.m.,12 - 5:30p.m.,12 - 5:30p.m.,12 - 5:30p.m.,12 - 5:30p.m.,12 - 5:30p.m.
Tomb Tattoo,,,tombtattoo.co.za,+27 21 461 5218,Unit 16 gardens business village Wandel street - Gardens - Cape Town - 8001 - South Africa,Closed,11a.m. - 5p.m.,11a.m. - 5p.m.,11a.m. - 5p.m.,11a.m. - 5p.m.,11a.m. - 5p.m.,Closed
Betrue Ink Tattoo'S And Body Piercing Studio,,,,+27 83 364 6483,african mall - 98 Long St - Cape Town City Centre - Cape Town - 8001 - South Africa,9:30a.m. - 7p.m.,9:30a.m. - 7p.m.,9:30a.m. - 7p.m.,9:30a.m. - 7p.m.,9:30a.m. - 7p.m.,9:30a.m. - 7p.m.,10a.m. - 4p.m.
More Than Hype - Tattoo Art Collective,,,,+27 72 606 1499,Model Villa Oranjezicht - 4 Hiddingh Ave - Gardens - Cape Town - 8001 - South Africa,9a.m. - 5p.m.,9a.m. - 5p.m.,9a.m. - 5p.m.,9a.m. - 5p.m.,9a.m. - 5p.m.,9a.m. - 5p.m.,9a.m. - 5p.m.
Sleight Of Hand Tattoos,,,https://sleightofhandtattoos.wixsite.com/soht,,48 Albert Rd - Woodstock - Cape Town - 7915 - South Africa,Closed,10a.m. - 6p.m.,10a.m. - 6p.m.,10a.m. - 6p.m.,10a.m. - 6p.m.,10a.m. - 6p.m.,10a.m. - 6p.m.
Keepsake Tattoo Cape Town,,,,,Stoked Building - 175 Main Rd - Muizenberg - Cape Town - 7806 - South Africa,Closed,10a.m. - 5p.m.,10a.m. - 5p.m.,10a.m. - 5p.m.,10a.m. - 5p.m.,12a.m. - 4p.m.,Closed
Wildfire Tattoo And Body Piercing Studio,,,wildfireza.com,+27 21 422 0524,206 Long St - Cape Town City Centre - Cape Town - 8000 - South Africa,10a.m. - 6p.m.,10a.m. - 6p.m.,10a.m. - 6p.m.,10a.m. - 6p.m.,10a.m. - 6p.m.,10a.m. - 5p.m.,Closed
The Body Architects,,,thebodyarchitects.com,+27 82 226 4065,166 2nd Ave - Kenilworth - Cape Town - 7708 - South Africa,Closed,10:30a.m. - 6p.m.,10:30a.m. - 6p.m.,10:30a.m. - 6p.m.,10:30a.m. - 6p.m.,11a.m. - 5p.m.,Closed
Queen Of Steel,,,http://www.queenofsteel.co.za/,+27 21 712 5088,Shop G64 Blue Route Mall - Tokai - Cape Town - 7945 - South Africa,9a.m. - 7p.m.,9a.m. - 7p.m.,9a.m. - 7p.m.,9a.m. - 7p.m.,9a.m. - 7p.m.,9a.m. - 7p.m.,9a.m. - 5p.m.
Kings And Queens Ink Lounge,,,,+27 79 399 0926,5 Kiepersol St - Kuils River - Cape Town - 7580 - South Africa,9a.m. - 5p.m.,9a.m. - 5p.m.,9a.m. - 5p.m.,9a.m. - 5p.m.,9a.m. - 5p.m.,9a.m. - 3p.m.,Closed
Good Things Tattoo,,,goodthingstattoo.com,+27 60 603 3586,304 Albert Rd - Woodstock - Cape Town - 7925 - South Africa,Closed,10a.m. - 6p.m.,10a.m. - 6p.m.,10a.m. - 6p.m.,10a.m. - 6p.m.,10a.m. - 6p.m.,Closed
Kak Lucky Tattoos,,,kakluckytattoos.com,+27 21 422 2963,43 Kloof St - Gardens - Cape Town - 8001 - South Africa,Closed,11a.m. - 6p.m.,11a.m. - 6p.m.,11a.m. - 6p.m.,11a.m. - 6p.m.,11a.m. - 6p.m.,Closed
Dark Horse Society,,,darkhorse.co.za,,91 1st Ave - Claremont - Cape Town - 7708 - South Africa,Closed,9a.m. - 7p.m.,9a.m. - 7p.m.,9a.m. - 7p.m.,9a.m. - 7p.m.,9a.m. - 7p.m.,Closed
Skullbox & Tattoo Company,,,skullboxtattoocompany.com,+27 72 403 3071,Shop 2 - The Emporium - Sandown Rd - Parklands - Cape Town - 7441 - South Africa,Closed,10a.m. - 6p.m.,10a.m. - 6p.m.,10a.m. - 6p.m.,10a.m. - 6p.m.,10a.m. - 6p.m.,Closed
Arcane Tattoo & Piercing,,,https://www.facebook.com/Arcanetattoo,+27 21 447 1967,98 Lower Main Rd - Observatory - Cape Town - 7935 - South Africa,10a.m. - 5p.m.,10a.m. - 5p.m.,10a.m. - 5p.m.,10a.m. - 5p.m.,10a.m. - 5p.m.,10a.m. - 3p.m.,Closed
Inkfinity Tattoo Studio,,,https://www.facebook.com/inkfinity.tattoo.studio/,+27 74 664 6464,242 Voortrekker Rd - Parow - Cape Town - 7500 - South Africa,Closed,10a.m. - 5p.m.,10a.m. - 5p.m.,10a.m. - 5p.m.,10a.m. - 5p.m.,10a.m. - 5p.m.,Closed
Skintrade Tattoos,,,skintrade.co.za,+27 76 025 2410,Shop 5 - Northpoint Centre - Porterfield Rd - Table View - Cape Town - 7441 - South Africa,10a.m. - 3p.m.,10a.m. - 6p.m.,10a.m. - 6p.m.,10a.m. - 6p.m.,10a.m. - 6p.m.,10a.m. - 6p.m.,Closed
Marius Bosman'S Tattoo Studio,,,https://m.facebook.com/login.php?next=https%3A%2F%2Fm.facebook.com%2Fmariusbosmantattoos&refsrc=deprecated&_rdr,+27 78 607 5775,580 Frans Conradie Dr - Brackenfell - Cape Town - 7139 - South Africa,9a.m. - 5p.m.,9a.m. - 5p.m.,9a.m. - 5p.m.,9a.m. - 5p.m.,9a.m. - 5p.m.,9a.m. - 5p.m.,Closed
Devon Slaves Tattoos,,,,+27 83 229 0376,30 Tennant Cres - N.T. - Cape Town - 7493 - South Africa,10a.m. - 5p.m.,10a.m. - 5p.m.,10a.m. - 5p.m.,10a.m. - 5p.m.,10a.m. - 5p.m.,10a.m. - 5p.m.,10a.m. - 2p.m.
The Ink Lane Tattoos,,,facebook.com,+27 81 584 1336,Burgundy Estate - Cape Town - 7441 - South Africa,10a.m. - 5p.m.,10a.m. - 5p.m.,10a.m. - 5p.m.,10a.m. - 5p.m.,10a.m. - 5p.m.,10a.m. - 5p.m.,10a.m. - 5p.m.
Mantra Tattoos,,,https://m.facebook.com/login.php?next=https%3A%2F%2Fm.facebook.com%2Fsamantratattoos%2F&refsrc=deprecated&_rdr,+27 82 528 0566,142 Buitengracht St - Cape Town City Centre - Cape Town - 8000 - South Africa,,,,,,,
Primal Culture Tattoo Studio,,,primalculture.co.za,+27 21 707 1299,unit 3 - Clarewood - 1 Annandale Rd - Diep River - Cape Town - 7800 - South Africa,Closed,10a.m. - 4p.m.,10a.m. - 4p.m.,10a.m. - 4p.m.,10a.m. - 4p.m.,10a.m. - 2p.m.,Closed
Monarch Tattoo Co.,,,https://www.monarchtattoo.co.za/,+27 76 839 6849,The Old Castle Brewery 4th Floor - Unit 410 - Woodstock - Cape Town - 7925 - South Africa,Closed,Closed,10:30a.m. - 5p.m.,10:30a.m. - 5p.m.,10:30a.m. - 5p.m.,10:30a.m. - 5p.m.,10:30a.m. - 5p.m.
Disciples Ink Durbanville Tattoo Studio,,,disciplesink.co.za,+27 61 289 9798,1st Floor Shop 1 - Tygervally - High Street Center Durban Road - 8 Durbanville Ave - Cape Town - 7530 - South Africa,Closed,10a.m. - 5p.m.,10a.m. - 5p.m.,10a.m. - 5p.m.,10a.m. - 5p.m.,10a.m. - 5p.m.,10a.m. - 2p.m.
Hellhound Tattoo Studio,,,hellhoundtattoo.co.za,+27 81 506 6495,7 Blaauwberg Rd - Table View - Cape Town - 7441 - South Africa,10a.m. - 6p.m.,10a.m. - 6p.m.,10a.m. - 6p.m.,10a.m. - 6p.m.,10a.m. - 6p.m.,9a.m. - 6p.m.,Closed
The Knowbodies,,,https://m.facebook.com/theknowbodiestattoos/about/?ref=page_internal&mt_nav=1&refsrc=deprecated&_rdr,+27 83 756 9055,,9a.m. - 3:30p.m.,9a.m. - 3:30p.m.,9a.m. - 3:30p.m.,9a.m. - 3:30p.m.,9a.m. - 3:30p.m.,9a.m. - 3:30p.m.,9a.m. - 3:30p.m.
Ten Two Tattoo,,,https://m.facebook.com/login.php?next=https%3A%2F%2Fm.facebook.com%2Fprofile.php%3Fid%3D1096652487018983&refsrc=deprecated&_rdr,+27 73 069 2156,24A - 26 Main Rd - Rondebosch - Cape Town - 7700 - South Africa,10a.m. - 6p.m.,10a.m. - 6p.m.,10a.m. - 6p.m.,10a.m. - 6p.m.,10a.m. - 6p.m.,10a.m. - 6p.m.,Closed
Wildfire Tattoo & Piercing - Canal Walk,,,https://wildfireza.com/,+27 21 552 8929,Shop 478a - Entrance 8 - Canal Walk - Century Blvd - Century City - Cape Town - 7441 - South Africa,9a.m. - 9p.m.,9a.m. - 9p.m.,9a.m. - 9p.m.,9a.m. - 9p.m.,9a.m. - 9p.m.,9a.m. - 9p.m.,9a.m. - 9p.m.
Disciples Ink Strand Tattoo Studio,,,disciplesink.co.za,+27 71 099 7458,Beach Rd - Strand - Cape Town - 7140 - South Africa,Closed,10a.m. - 5p.m.,10a.m. - 5p.m.,10a.m. - 5p.m.,10a.m. - 5p.m.,10a.m. - 5p.m.,10a.m. - 2p.m.
Blake Ink Tattoo & Piercing Studio,,,,+27 76 903 2356,Gateway To Obz - 1 Cranko Rd - Observatory - Cape Town - 7925 - South Africa,10a.m. - 5p.m.,10a.m. - 5p.m.,10a.m. - 5p.m.,10a.m. - 5p.m.,10a.m. - 5p.m.,10a.m. - 5p.m.,Closed
Kanasashi Tattoos,,,,+27 72 213 5072,86 Victoria Rd - Plumstead - Cape Town - 7801 - South Africa,Closed,10a.m. - 6p.m.,10a.m. - 6p.m.,10a.m. - 6p.m.,10a.m. - 6p.m.,9a.m. - 4p.m.,Closed
Cape Tattoo Co,,,https://www.facebook.com/capetattoo/,+27 82 552 9423,Inside Armchair Theatre - 135 Lower Main Rd - Observatory - Cape Town - 7925 - South Africa,,,,,,,
Moving Art Tattoos And Piercings,,,movingarttattoos.co.za,+27 72 869 8237,18 Monte Vista Blvd - Monte Vista - Cape Town - 7460 - South Africa,,,,,,,
Afterlife Ink Tattoos,,,https://www.facebook.com/afterlifetattoos83/,+27 78 743 7712,140 Voortrekker Rd - Goodwood - Cape Town - 7460 - South Africa,9a.m. - 5p.m.,9a.m. - 5p.m.,9a.m. - 5p.m.,9a.m. - 5p.m.,9a.m. - 5p.m.,9a.m. - 5p.m.,9a.m. - 5p.m.
True Colours Tattoo Studio,,,,+27 82 503 7714,G17 - Stadium on Main - 99 Main Rd - Claremont - Cape Town - 7708 - South Africa,10a.m. - 5p.m.,10a.m. - 5p.m.,10a.m. - 5p.m.,10a.m. - 5p.m.,10a.m. - 5p.m.,10a.m. - 4p.m.,Closed
Team Black Sheep Tattoos,,,https://www.facebook.com/teamblacksheeptattoocapetown/,+27 79 367 0116,12 Marine Cir - Table View - Cape Town - 7441 - South Africa,10a.m. - 5:30p.m.,10a.m. - 5:30p.m.,10a.m. - 5:30p.m.,10a.m. - 5:30p.m.,10a.m. - 5:30p.m.,10a.m. - 5p.m.,Closed
Serenity Tattoos & Piercings Cpt,,,,+27 64 317 1588,11 Vlei St - Parow Valley - Cape Town - 7530 - South Africa,9a.m. - 8p.m.,9a.m. - 8p.m.,9a.m. - 8p.m.,9a.m. - 8p.m.,9a.m. - 8p.m.,10a.m. - 5p.m.,11a.m. - 3p.m.
Illusion Tattoos Supplies (Tattoos & Piercings) (Pty) Ltd.,,,https://www.illusiontattoos.co.za/,+27 62 682 8327,52 Cross Rd - Table View - Cape Town - 7441 - South Africa,,,,,,,
Bethaaink_Tattoo & Piercing,,,chrome-error://chromewebdata/,+27 67 884 2957,24 Plein St - Cape Town City Centre - Cape Town - 8000 - South Africa,Open 24 hours,Open 24 hours,Open 24 hours,Open 24 hours,Open 24 hours,Open 24 hours,Open 24 hours
The Tattooer,,,https://www.thetattooer.net/,+27 82 456 2858,13th Ave - Boston - Cape Town - 7530 - South Africa,Closed,10a.m. - 5p.m.,10a.m. - 5p.m.,10a.m. - 5p.m.,10a.m. - 5p.m.,10a.m. - 5p.m.,Closed
Black Jack Tattoos,,,heytattoo.co.za,+27 66 434 7976,83 Voortrekker Rd - Glenlily - Cape Town - 8000 - South Africa,8a.m. - 5p.m.,8a.m. - 5p.m.,8a.m. - 5p.m.,8a.m. - 5p.m.,8a.m. - 5p.m.,8a.m. - 5p.m.,Closed
Studio 52,,,,,Parklands Junction - Parklands Main Rd & Wood Dr - Parklands - Cape Town - 7441 - South Africa,9a.m. - 5p.m.,9a.m. - 5p.m.,9a.m. - 5p.m.,9a.m. - 5p.m.,9a.m. - 5p.m.,9a.m. - 5p.m.,Closed
Palm Black Tattoo,,,https://www.instagram.com/palmblacktattoo/,+27 21 461 0622,16B Kloof Nek Rd - Gardens - Cape Town - 8001 - South Africa,Closed,10a.m. - 5p.m.,10a.m. - 5p.m.,10a.m. - 5p.m.,10a.m. - 5p.m.,10a.m. - 5p.m.,Closed
Skullair Tattoo Supplies Cape Town,,,skullair.co.za,+27 81 040 5194,127 Blaauwberg Rd - Table View - Cape Town - 7441 - South Africa,8a.m. - 7p.m.,8a.m. - 7p.m.,8a.m. - 7p.m.,8a.m. - 7p.m.,8a.m. - 7p.m.,8a.m. - 7p.m.,8a.m. - 7p.m.
Black Cannon Tattoos,,,bctattoo.co.za,+27 72 732 0482,120 Main Rd - Muizenberg - Cape Town - 7945 - South Africa,Closed,9:30a.m. - 5p.m.,9:30a.m. - 5p.m.,9:30a.m. - 5p.m.,9:30a.m. - 5p.m.,9:30a.m. - 5p.m.,Closed
Mad Ink Tattoos,,,madink.co.za,+27 71 302 2660,54 McIntyre St - Glenlily - Cape Town - 7500 - South Africa,Closed,9a.m. - 4:30p.m.,9a.m. - 4:30p.m.,9a.m. - 4:30p.m.,9a.m. - 4:30p.m.,9a.m. - 2p.m.,Closed
Sanctum Design Tattoo Theatre,,,,+27 71 489 0520,Capricorn Beach Estate - 39 Santiago Bay - Sanderling Rd - Muizenberg - Cape Town - 7975 - South Africa,10a.m. - 8p.m.,9a.m. - 8p.m.,9a.m. - 8p.m.,9a.m. - 8p.m.,9a.m. - 8p.m.,10a.m. - 8p.m.,10a.m. - 8p.m.
Sally Mustang Tattoos Cape Town,,,https://www.sallymustangs.co/,+27 21 426 9020,29 Park Ave - Hout Bay - Cape Town - 7806 - South Africa,Closed,10a.m. - 5p.m.,10a.m. - 5p.m.,10a.m. - 5p.m.,10a.m. - 5p.m.,10a.m. - 5p.m.,Closed
Killswitch-Ink,,,,+27 81 499 1138,3 Clarens Rd - Sea Point - Cape Town - 8060 - South Africa,8a.m. - 6p.m.,8a.m. - 6p.m.,8a.m. - 6p.m.,8a.m. - 6p.m.,8a.m. - 6p.m.,9a.m. - 3p.m.,Closed
All Hands Tattoo Studio,,,,+27 72 136 2347,77 Main Rd - Muizenberg - Cape Town - 7945 - South Africa,9a.m. - 5p.m.,9a.m. - 6p.m.,9a.m. - 6p.m.,9a.m. - 6p.m.,9a.m. - 6p.m.,9a.m. - 6p.m.,9a.m. - 5p.m.
Inkrepublik Tattoo Studio,,,,+27 65 676 7289,Shop 13 Village Gate - Main Rd - Hout Bay - Cape Town - 7806 - South Africa,10a.m. - 5p.m.,10a.m. - 5p.m.,10a.m. - 5p.m.,10a.m. - 5p.m.,10a.m. - 5p.m.,9a.m. - 4p.m.,Closed
Ink Cartel Cape Town,,,https://barbercartel.co.za/,+27 79 501 9219,87 Victoria Rd - Camps Bay - Cape Town - 8001 - South Africa,Closed,10a.m. - 6p.m.,10a.m. - 6p.m.,10a.m. - 6p.m.,10a.m. - 6p.m.,10a.m. - 3p.m.,10a.m. - 3p.m.
Dreaming Ink,,,https://www.instagram.com/dreaminginktattoos/,+27 84 232 0537,34 Palmer Rd - Muizenberg - Cape Town - 7950 - South Africa,Closed,10a.m. - 4:30p.m.,10a.m. - 4:30p.m.,10a.m. - 4:30p.m.,10a.m. - 4:30p.m.,10a.m. - 4:30p.m.,Closed
Wildfire Tattoo And Body Piercing Studio,,,wildfireza.com,+27 79 244 8699,Unit 4 - Access park - 81 Chichester Rd - Kenilworth - Cape Town - 7708 - South Africa,9a.m. - 6p.m.,9a.m. - 6p.m.,9a.m. - 6p.m.,9a.m. - 6p.m.,9a.m. - 6p.m.,9a.m. - 4p.m.,Closed
New Dawn Tattoos,,,https://www.facebook.com/newdawntattoos,+27 71 482 1412,136 Edward Rd - Bo Oakdale - Cape Town - 7530 - South Africa,Closed,10a.m. - 5p.m.,10a.m. - 5p.m.,10a.m. - 5p.m.,10a.m. - 5p.m.,10a.m. - 5p.m.,10a.m. - 5p.m.
Tools Of Trade Tattoo Studios,,,,+27 65 299 5498,10a Brickfield Park - 18 Brickfield Rd - Woodstock - Cape Town - 7925 - South Africa,10a.m. - 6p.m.,10a.m. - 6p.m.,10a.m. - 6p.m.,10a.m. - 6p.m.,10a.m. - 6p.m.,10a.m. - 6p.m.,Closed
Master G Inks Cape Town,,,,+27 79 932 8358,261 Main Rd - Sea Point - Cape Town - 8001 - South Africa,9a.m. - 7p.m.,9a.m. - 7p.m.,9a.m. - 7p.m.,9a.m. - 7p.m.,9a.m. - 7p.m.,Closed,10a.m. - 5p.m.
Black & White Tattoo Studios - Cape Town,,,blackandwhitetattoostudios.co.za,+27 68 143 2262,Shop 407a - Canal Walk Mall - Century Blvd - Century City - Cape Town - 7441 - South Africa,9:30a.m. - 6p.m.,9:30a.m. - 6p.m.,9:30a.m. - 6p.m.,9:30a.m. - 6p.m.,9:30a.m. - 6p.m.,10a.m. - 5p.m.,10a.m. - 5p.m.
The Witch House,,,thewitchhouse.co.za,+27 78 083 5808,34 1st Ave - Claremont - Cape Town - 7708 - South Africa,10a.m. - 5p.m.,10a.m. - 5p.m.,10a.m. - 5p.m.,10a.m. - 5p.m.,10a.m. - 5p.m.,10a.m. - 5p.m.,Closed
Henna Tattoos,,,hennatattoos.co.za,+27 82 324 3741,"14 Highgrove, - 35 Tokai Rd - Tokai - Cape Town - 7945 - South Africa",8a.m. - 4p.m.,8a.m. - 4p.m.,8a.m. - 4p.m.,8a.m. - 4p.m.,8a.m. - 4p.m.,Closed,Closed
Marshall Law Tattoo Studio,,,,+27 82 223 2269,c/o Jakes Gerwel Drive &Morgenster Road - Mitchells Plain - Cape Town - 7798 - South Africa,10a.m. - 6p.m.,10a.m. - 6p.m.,10a.m. - 6p.m.,10a.m. - 6p.m.,9a.m. - 6p.m.,8a.m. - 3:30p.m.,Closed
Amethyst Body Art,,,https://amethystbodyart.com/,+27 71 927 9773,19 Blaauwberg Rd - Table View - Cape Town - 7441 - South Africa,10a.m. - 5:30p.m.,10a.m. - 5:30p.m.,10a.m. - 5:30p.m.,10a.m. - 5:30p.m.,10a.m. - 5:30p.m.,10a.m. - 5:30p.m.,Closed
Secret Garden Tattoo,,,,+27 82 944 0491,161 Main Rd - Plumstead - Cape Town - 7800 - South Africa,Closed,10a.m. - 6p.m.,10a.m. - 6p.m.,10a.m. - 6p.m.,10a.m. - 6p.m.,10a.m. - 3p.m.,Closed
Whittleink Tattoo Studio,,,https://www.facebook.com/WhittleInkFamily/?ref=pages_you_manage,+27 83 680 4047,186 Metropolitan St - Beacon Valley - Cape Town - 7785 - South Africa,5 - 7p.m.,5 - 7p.m.,5 - 7p.m.,5 - 7p.m.,5 - 7p.m.,10a.m. - 7p.m.,10a.m. - 5p.m.
Samurai Empire Tattoo Studio,,,,+27 79 412 8522,Tygervalley - Shop 2 - Cascades 1 Tyger Waterfront - Cape Town - 7785 - South Africa,Closed,Closed,9a.m. - 8p.m.,9a.m. - 8p.m.,9a.m. - 8p.m.,9a.m. - 8p.m.,11a.m. - 8p.m.
Ink & Cbd Studio 85,,,,+27 65 993 6151,Parklands Park West Centre Unit 12A2 - Cape Town - 7441 - South Africa,9a.m. - 5p.m.,9a.m. - 5p.m.,9a.m. - 5p.m.,9a.m. - 5p.m.,9a.m. - 5p.m.,Closed,Closed
Ds.Ink Tattoos,,,,+27 60 537 0988,,10a.m. - 5p.m.,10a.m. - 5p.m.,10a.m. - 5p.m.,10a.m. - 5p.m.,10a.m. - 5p.m.,10a.m. - 5p.m.,Closed
Skin Vandal Tattoos,,,business.site,+27 73 790 5732,31 Coway St - Diepwater - Cape Town - 7580 - South Africa,8a.m. - 4a.m.,8a.m. - 4p.m.,8a.m. - 4p.m.,8a.m. - 4p.m.,8a.m. - 4p.m.,8a.m. - 4p.m.,10a.m. - 4p.m.
Needles & Pins Tattoo,,,https://needlespins-tattoo.business.site/,+27 61 419 3694,Shop 2 Triangle Square - Cnr de Waal & - 1st Cres - Fish Hoek - Cape Town - 7974 - South Africa,Closed,10a.m. - 5p.m.,10a.m. - 5p.m.,10a.m. - 5p.m.,10a.m. - 5p.m.,10a.m. - 5p.m.,Closed
"""R""""Ink Tattoos Sa""",,,https://rink-tattoos-sa.business.site/?utm_source=gmb&utm_medium=referral,+27 71 359 2095,18 Marlborough St - Marlborough - Cape Town - 7500 - South Africa,9a.m. - 8p.m.,9a.m. - 8p.m.,9a.m. - 8p.m.,9a.m. - 8p.m.,9a.m. - 8p.m.,9a.m. - 8p.m.,9a.m. - 2p.m.
Gray'S Ink,,,https://grays-ink.business.site/,+27 62 341 9226,4 Stag Cres - Mitchells Plain - Cape Town - 7785 - South Africa,6 - 9p.m.,6 - 9p.m.,6 - 9p.m.,6 - 9p.m.,5:30 - 10p.m.,10a.m. - 10p.m.,Closed
Pennyred Tattoo Supplies (Pty)Ltd. & Tattoo Studio,,,https://www.pennyred.co.za/,+27 83 265 8344,Sunningdale - Cape Town - 7441 - South Africa,9a.m. - 6p.m.,9a.m. - 6p.m.,9a.m. - 6p.m.,9a.m. - 6p.m.,9a.m. - 6p.m.,9a.m. - 2p.m.,Closed
Ink 'N Steel - Tattoo & Piercings,,,https://ink-n-steel-tattoo-piercings.business.site/?utm_source=gmb&utm_medium=referral,+27 71 338 3785,Shop 2B De Bron Centre - Gardener St - Vredekloof Heights - 7560 - South Africa,9a.m. - 6p.m.,9a.m. - 6p.m.,9a.m. - 6p.m.,9a.m. - 6p.m.,9a.m. - 6p.m.,9a.m. - 3p.m.,Closed
True Black Tattoo Training,,,,+27 84 569 1406,2 Long St - Cape Town City Centre - Cape Town - 7441 - South Africa,9a.m. - 5p.m.,9a.m. - 5p.m.,9a.m. - 5p.m.,9a.m. - 5p.m.,9a.m. - 5p.m.,9a.m. - 1p.m.,Closed
Murder Ink Tattoo & Piercing Lounge,,,,+27 21 811 1779,116 Lang St - Kuils River - Cape Town - 7580 - South Africa,10a.m. - 6p.m.,10a.m. - 6p.m.,10a.m. - 6p.m.,10a.m. - 6p.m.,10a.m. - 6p.m.,11a.m. - 4p.m.,Closed
Hood Ink,,,,+27 78 783 5615,26B Lower Main Rd - Observatory - Cape Town - 7935 - South Africa,,,,,,,
Black Rose Tattoos,,,,+27 73 023 0746,363 Albert Rd - Woodstock - Cape Town - 7915 - South Africa,10a.m. - 5p.m.,10a.m. - 5p.m.,10a.m. - 5p.m.,10a.m. - 5p.m.,10a.m. - 5p.m.,10a.m. - 4p.m.,Closed
Tainted Skin Tattoo Studio,,,,+27 79 698 1962,Murray St - Vasco Estate - Cape Town - 7460 - South Africa,10a.m. - 5p.m.,10a.m. - 5p.m.,10a.m. - 5p.m.,10a.m. - 5p.m.,10a.m. - 5p.m.,10a.m. - 2p.m.,Closed
'S' Tattoo Supplies And Skincare Products,,,https://s-tattoo-supplies.business.site/?utm_source=gmb&utm_medium=referral,+27 68 055 5555,269B Voortrekker Rd - Parow - Cape Town - 7500 - South Africa,9a.m. - 5p.m.,9a.m. - 5p.m.,9a.m. - 5p.m.,9a.m. - 5p.m.,9a.m. - 5p.m.,9a.m. - 2p.m.,Closed
Aya Soul Tattoos,,,pingils.co.za,+27 82 564 9992,222 Sir Lowry Rd - Zonnebloem - Cape Town - 7925 - South Africa,Closed,10a.m. - 7p.m.,10a.m. - 7p.m.,10a.m. - 7p.m.,10a.m. - 5p.m.,10a.m. - 5p.m.,Closed
Brightstar Tattoo And Piercing Studio,,,,+27 74 782 7640,15 Oxford Cres - london village - Cape Town - 7785 - South Africa,Closed,Closed,Closed,Closed,Closed,9a.m. - 6p.m.,9a.m. - 5p.m.
Rotten Apple Tattoo Studio,,,,+27 78 936 7861,Shop 276 Retreat Rd - Retreat - Cape Town - 7945 - South Africa,11a.m. - 5p.m.,11a.m. - 5p.m.,11a.m. - 5p.m.,11a.m. - 5p.m.,11a.m. - 5p.m.,11a.m. - 3p.m.,Closed
All Or Nothing Tattoo Studio,,,,+27 82 556 0898,145 Sir Lowry Rd - Zonnebloem - Cape Town - Western Cape - Cape Town - 7925 - South Africa,10a.m. - 2p.m.,10a.m. - 4p.m.,10a.m. - 4p.m.,10a.m. - 4p.m.,10a.m. - 4p.m.,10a.m. - 6p.m.,Closed
Firehawk Ink,,,https://firehawkink.wixsite.com/tattoo,+27 72 693 6334,15 Lingfield closer Close - Milnerton Ridge - Cape Town - 7441 - South Africa,9a.m. - 9p.m.,9a.m. - 9p.m.,9a.m. - 9p.m.,9a.m. - 9p.m.,9a.m. - 9p.m.,9a.m. - 9p.m.,9a.m. - 9p.m.
Lady Luck Tattoos,,,,,2nd floor - 53 Wale St - CBD - Cape Town - 8001 - South Africa,,,,,,,
Vg Tattooing,,,,+27 78 599 8900,64 Clare St - Connaught - Cape Town - 7490 - South Africa,9a.m. - 5p.m.,9a.m. - 5p.m.,9a.m. - 5p.m.,9a.m. - 5p.m.,9a.m. - 5p.m.,9a.m. - 5p.m.,9a.m. - 5p.m.
Mimi D Tattoo,,,https://www.instagram.com/mimi_d_tattoo/,,136 Buitenkant St - Gardens - Cape Town - 8001 - South Africa,,,,,,,
Ironclad Tattoos,,,https://aidincityonfire.wixsite.com/ironcladtattoos,+27 84 955 0943,3 Viola Rd - Table View - Cape Town - 7441 - South Africa,9a.m. - 12p.m.,9a.m. - 6p.m.,9a.m. - 6p.m.,Closed,9a.m. - 6p.m.,9a.m. - 6p.m.,9a.m. - 12p.m.
Gypsy Cove Tattoo,,,,+27 74 318 0080,2nd Floor - One11 Gallery - 111 Loop St - Cape Town City Centre - Cape Town - 8001 - South Africa,11a.m. - 6p.m.,11a.m. - 6p.m.,11a.m. - 6p.m.,11a.m. - 6p.m.,11a.m. - 6p.m.,11a.m. - 3p.m.,11a.m. - 3p.m.
The Tattoo Shop Bellville,,,,+27 72 351 5177,217 Bellevue St - Kempenville - Cape Town - 7530 - South Africa,9a.m. - 8p.m.,9a.m. - 8p.m.,9a.m. - 8p.m.,9a.m. - 8p.m.,9a.m. - 8p.m.,9a.m. - 8p.m.,9a.m. - 8p.m.
444Tattoostudio,,,https://www.instagram.com/444tattoostudio/,+27 69 632 3689,Sable Square Shopping Centre - Century City - Cape Town - 7441 - South Africa,10a.m. - 5p.m.,10a.m. - 5p.m.,10a.m. - 5p.m.,10a.m. - 5p.m.,10a.m. - 5p.m.,Closed,Closed
Pearson Ink,,,https://m.facebook.com/login.php?next=https%3A%2F%2Fm.facebook.com%2Fcustomtattoo33%2F%3Ftsid%3D0.5924997147448263%26source%3Dresult&refsrc=deprecated&_rdr,+27 84 544 9808,,9a.m. - 5p.m.,9a.m. - 5p.m.,9a.m. - 5p.m.,9a.m. - 5p.m.,9a.m. - 5p.m.,10a.m. - 4p.m.,Closed
Tattoo At Studio 52,,,,,Milnerton Rural - Cape Town - 7441 - South Africa,,,,,,,
Skin Tattoo Studio,,,https://skintattoo.weebly.com/,+27 66 238 5571,106 Scott Rd - Parow - Cape Town - 7500 - South Africa,9a.m. - 5p.m.,9a.m. - 5p.m.,9a.m. - 5p.m.,9a.m. - 9p.m.,9a.m. - 5p.m.,9a.m. - 12p.m.,Closed
Long Street Tattoo Co.,,,https://longstreettattoo.co.za/,+27 81 897 2531,305 Long St - CBD - Cape Town - 8001 - South Africa,Closed,11a.m. - 7p.m.,11a.m. - 7p.m.,11a.m. - 7p.m.,11a.m. - 7p.m.,11a.m. - 7p.m.,Closed
West Coast Inked Tattoo,,,,+27 73 733 5724,35 coot cresent Flamingo Vlei - Milnerton Rural - Cape Town - 7441 - South Africa,9a.m. - 5p.m.,9a.m. - 5p.m.,9a.m. - 5p.m.,9a.m. - 5p.m.,9a.m. - 5p.m.,9a.m. - 5p.m.,9a.m. - 5p.m.
The Salty Dog Tattoo Parlour,,,,,374 - 14 Salt Circle Arcade - Albert Rd - Salt River - Cape Town - 7925 - South Africa,,,,,,,
The Tattoo Den,,,https://thetattooden.business.site/?utm_source=gmb&utm_medium=referral,+27 73 373 4681,10 Wellington St - Portland - Cape Town - 7785 - South Africa,10a.m. - 10p.m.,10a.m. - 10p.m.,10a.m. - 10p.m.,10a.m. - 10p.m.,10a.m. - 10p.m.,10a.m. - 10p.m.,11a.m. - 8p.m.
Luna Tattoo,,,,,107 Blaauwberg Rd - Table View - Cape Town - 7441 - South Africa,10a.m. - 6p.m.,10a.m. - 6p.m.,10a.m. - 6p.m.,10a.m. - 6p.m.,10a.m. - 6p.m.,10a.m. - 3p.m.,10a.m. - 3p.m.
Cailin Tattoo,,,,,111 Loop St - Cape Town City Centre - Cape Town - 8001 - South Africa,Closed,11a.m. - 6p.m.,11a.m. - 6p.m.,11a.m. - 6p.m.,11a.m. - 6p.m.,11a.m. - 4p.m.,Closed
Aztec Tatoo & Piercing,,,,,Edward Rd - Bo Oakdale - Cape Town - 7530 - South Africa,,,,,,,
Die Honest,,,diehonest.com,,Sins of Style - 37 Barrack St - Zonnebloem - Cape Town - 7925 - South Africa,,,,,,,
Cpt Ink Addicts,,,https://cpt-ink-addicts.business.site/?utm_source=gmb&utm_medium=referral,+27 61 585 9347,4 Ayrshire Cl - Westridge - Cape Town - 7785 - South Africa,Closed,Closed,Closed,Closed,Closed,10a.m. - 6p.m.,10a.m. - 3p.m.
Regnif Temporary Tattoos,,,,,45 Mill St - Gardens - Cape Town - 8001 - South Africa,,,,,,,
Temp Tattoos Cc,,,,+27 21 433 0396,Helen Suzman Blvd - Cape Town - 8000 - South Africa,,,,,,,
Disciples Ink,,,,+27 83 783 0183,Floor 1 High Street Ctr Tygervalley - Bellville - 7530 - South Africa,,,,,,,
Killswitch Ink Cape Town,,,,+27 81 499 1138,86 Charles Grodes Cres - Ravensmead - Cape Town - 7493 - South Africa,9a.m. - 6:30p.m.,9a.m. - 6:30p.m.,9a.m. - 6:30p.m.,9a.m. - 6:30p.m.,9a.m. - 6:30p.m.,9a.m. - 6p.m.,Closed
Wild Side Tattoos,,,wildsidetattooz.co.za,+27 78 761 9932,80 Da Gama Street - 1 Barnhyme Court - Brooklyn - Cape Town - 7405 - South Africa,,,,,,,
Here Now Tattoo,,,https://www.instagram.com/herenowtattoo/,,2nd floor - 53 Wale St - CBD - Cape Town - 8001 - South Africa,Closed,10a.m. - 6p.m.,10a.m. - 6p.m.,10a.m. - 6p.m.,10:30a.m. - 6p.m.,10a.m. - 6p.m.,Closed
Bad Monkey Tattoo Studio,,,,,258 Blaauwberg Rd - Table View - Cape Town - 7441 - South Africa,,,,,,,
The Gallery Tattoo Studio,,,,+27 79 474 8403,363 Albert Rd - Woodstock - Cape Town - 7925 - South Africa,9a.m. - 5p.m.,9a.m. - 5p.m.,9a.m. - 5p.m.,9a.m. - 5p.m.,9a.m. - 5p.m.,9a.m. - 3p.m.,Closed
Hood Ink Tattoos,,,https://www.facebook.com/hoodinktattoos,+27 61 854 9087,Postdam Road & - Winning Way - Dunoon - Cape Town - 7441 - South Africa,9a.m. - 7:30p.m.,9a.m. - 7:30p.m.,9a.m. - 7:30p.m.,9a.m. - 7:30p.m.,9a.m. - 7:30p.m.,9a.m. - 7:30p.m.,9a.m. - 7:30p.m.
Skin Deep Tattoos Cpt,,,,+27 72 658 4383,,9a.m. - 10:30p.m.,9a.m. - 10:30p.m.,9a.m. - 10:30p.m.,9a.m. - 10:30p.m.,9a.m. - 10:30p.m.,10a.m. - 8p.m.,10a.m. - 8p.m.
Midnight Sun Tattoo,,,,+27 76 912 1381,unit 5 - Eaton Centre - 19 Blaauwberg Rd - Table View - Cape Town - 7441 - South Africa,Closed,10a.m. - 6p.m.,10a.m. - 6p.m.,10a.m. - 6p.m.,10a.m. - 6p.m.,10a.m. - 6p.m.,Closed
Siegwerk Ink,,,,+27 21 552 6125,17 3rd St - Montague Gdns Ind - Cape Town - 7441 - South Africa,,,,,,,
The Tattoo Valley,,,thetattoovalley.co.za,+27 79 217 6199,Appointment only - 37 Longboat St - Sunnydale - Cape Town - 7975 - South Africa,,,,,,,
Wredekloof Hair And Tattoo Studio,,,https://www.facebook.com/hairbyjessiedk/,+27 76 870 0327,4 Marigold Way - Vredekloof - Cape Town - 7560 - South Africa,9a.m. - 5:30a.m.,9a.m. - 5:30p.m.,9a.m. - 5:30p.m.,9a.m. - 5:30p.m.,8:30a.m. - 5:30p.m.,8:30a.m. - 3p.m.,Closed
The Ink Lounge,,,https://www.facebook.com/The-Ink-Lounge-111249148902892/,+27 84 650 3749,144 Voortrekker Rd - Glenlily - Cape Town - 7500 - South Africa,10a.m. - 5p.m.,10a.m. - 5p.m.,10a.m. - 5p.m.,10a.m. - 5p.m.,10a.m. - 5p.m.,9a.m. - 2p.m.,Closed
Candy Moment Tattoos,,,,,Marine drive - Helderberg Rural - Cape Town - 7140 - South Africa,10a.m. - 6p.m.,10a.m. - 6p.m.,10a.m. - 6p.m.,10a.m. - 6p.m.,10a.m. - 6p.m.,10a.m. - 3p.m.,10a.m. - 1p.m.
Freestylers Tattoo Lounge,,,,,12 Beach Blvd - Table View - Cape Town - 7441 - South Africa,,,,,,,
Hooligansink,,,,+27 84 818 5207,25 Rhebok Cl - Loevenstein - Cape Town - 7530 - South Africa,,,,,,,
Tattoo Zone Studio,,,,+27 81 518 2969,83 Voortrekker Rd - Parow - Cape Town - 7500 - South Africa,9a.m. - 6p.m.,9a.m. - 6p.m.,9a.m. - 6p.m.,9a.m. - 6p.m.,9a.m. - 6p.m.,9a.m. - 6p.m.,9a.m. - 2p.m.
Tattooist Guy,,,https://www.tattooistguy.com/,+27 74 185 8425,48 Albert Rd - Woodstock - Cape Town - 7925 - South Africa,Closed,10a.m. - 5p.m.,10a.m. - 1p.m.,10a.m. - 5p.m.,9a.m. - 12p.m.,10a.m. - 5p.m.,10a.m. - 3p.m.
Blade Tattoos & Piercing,,,https://www.facebook.com/sashabladetattoos/,+27 82 734 6686,,,,,,,,
Ghostbong Tattoos,,,,+27 81 762 9702,128 Fairview Rd - penhill estate - Cape Town - 7100 - South Africa,Open 24 hours,Open 24 hours,Open 24 hours,Open 24 hours,Open 24 hours,Open 24 hours,Open 24 hours
Tattoos By Gabrin Minnaar,,,,,43 Van Riebeeck Rd - Kuils River - Cape Town - 7580 - South Africa,,,,,,,
Iron Warrior Tattoo Supplies,,,,,5 Cornwall Pl - Wynberg - Cape Town - 7800 - South Africa,,,,,,,
Salvatrix Ink Tattoo Studio,,,,+27 76 798 5377,Grove Ave - Cape Town - 7735 - South Africa,Closed,10a.m. - 6p.m.,10a.m. - 6p.m.,10a.m. - 6p.m.,10a.m. - 6p.m.,10a.m. - 6p.m.,10a.m. - 5p.m.
Lafriniere Collection,,,,+27 83 566 7431,138 Bree St - Cape Town City Centre - Cape Town - 8001 - South Africa,,,,,,,
Gugulethu Tattoo Store,,,chrome-error://chromewebdata/,+27 63 785 3572,Ny13 No21 - Guguletu - Cape Town - 7750 - South Africa,9:30a.m. - 6p.m.,9:30a.m. - 6p.m.,9:30a.m. - 6a.m.,9:30a.m. - 6a.m.,9:30a.m. - 6a.m.,9:30a.m. - 6a.m.,11a.m. - 3p.m.
Hoodoo Tattoos,,,,+27 21 554 4086,Eden On The Bay Mall - Sir David Baird Dve - Bloubergstrand - Milnerton - 7441 - South Africa,,,,,,,
Satori Ink Cpt,,,,+27 61 590 6231,Allenby Dr - Retreat - Cape Town - 7945 - South Africa,9a.m. - 5p.m.,9a.m. - 5p.m.,9a.m. - 5p.m.,9a.m. - 5p.m.,9a.m. - 5p.m.,9a.m. - 5p.m.,9a.m. - 5p.m.
Inked By Brad,,,https://inkedbybrad.wixsite.com/inkedbybrad,+27 73 830 0961,,Closed,9a.m. - 6p.m.,9a.m. - 6p.m.,9a.m. - 6p.m.,9a.m. - 6p.m.,9a.m. - 6p.m.,Closed
Smackatatt,,,,+27 76 135 3371,2 Kingsmead Ave - Kingston - Cape Town - 7530 - South Africa,Open 24 hours,Open 24 hours,Open 24 hours,Open 24 hours,Open 24 hours,Open 24 hours,Open 24 hours
Stay Troux Tattoos And Piercings,,,,+27 67 049 7184,,10a.m. - 6p.m.,10a.m. - 6p.m.,10a.m. - 6p.m.,10a.m. - 6p.m.,10a.m. - 6p.m.,10a.m. - 6p.m.,10a.m. - 6p.m.
The Tattoo Lounge,,,,+27 81 869 5600,460 Main Rd - Retreat - Cape Town - 7945 - South Africa,Closed,10a.m. - 6p.m.,10a.m. - 6p.m.,10a.m. - 6p.m.,10a.m. - 6p.m.,10a.m. - 6p.m.,Closed
Mean Jean Tattoos,,,,+27 71 179 0057,31 Justin St - Brooklyn - Cape Town - 7405 - South Africa,9a.m. - 7p.m.,9a.m. - 7p.m.,9a.m. - 7p.m.,9a.m. - 7p.m.,9a.m. - 7p.m.,10a.m. - 8p.m.,Closed
C.T.E Tattoos Supplies,,,https://www.illusiontattoos.co.za/,+27 81 374 9130,152 Gie Rd - Table view - Cape Town - 7441 - South Africa,,,,,,,
Shapeshiftstudio,,,,+27 79 710 4312,1 Glynville terrace - no.5A media hive building - Gardens - Cape Town - 0070 - South Africa,Closed,11a.m. - 5:30p.m.,11a.m. - 5:30p.m.,11a.m. - 5:30p.m.,11a.m. - 5:30p.m.,12 - 5:30p.m.,Closed
Oldfield Tattoos,,,,+27 21 461 5218,5 Wandel St - Gardens - Cape Town - 8001 - South Africa,Closed,10:30a.m. - 6p.m.,10:30a.m. - 6p.m.,10:30a.m. - 6p.m.,10:30a.m. - 6p.m.,10:30a.m. - 6p.m.,Closed
Maverick Ink Sa,,,,,120 Main Rd - Muizenberg - Cape Town - 7950 - South Africa,,,,,,,
@ That Tattoo Studio,,,chrome-error://chromewebdata/,+27 65 350 7565,9 Campberwell rd - 702 The Ritz - Sea Point - Cape Town - 8005 - South Africa,10a.m. - 8p.m.,10a.m. - 8p.m.,10a.m. - 8p.m.,10a.m. - 8p.m.,10a.m. - 8p.m.,10a.m. - 8p.m.,10a.m. - 8p.m.
Laser Tattoo Removal Cape Town,,,lasertattooremovalcapetown.co.za,+27 79 168 7209,102 Oakland Hill Rd - Parklands - Cape Town - 7441 - South Africa,Closed,11a.m. - 4p.m.,11a.m. - 4p.m.,11a.m. - 4p.m.,Closed,10a.m. - 4p.m.,Closed
Ctrl+Alt+Del Tattoo Removal & Lightening,,,,+27 83 411 1821,17 Redcliffe Cl - Parklands - Cape Town - 7441 - South Africa,10a.m. - 5:30p.m.,10a.m. - 5:30p.m.,10a.m. - 5:30p.m.,10a.m. - 5:30p.m.,10a.m. - 5:30p.m.,10a.m. - 3p.m.,Closed
Empire Tattoo Studio,,,https://hadleybrauns5.wixsite.com/my-site,+27 84 445 1999,Shop 4 - 144 Main Rd - Somerset West - Cape Town - 7130 - South Africa,,,,,,,
Carvel,,,carvel.co.za,+27 82 044 2038,65 Beach Rd - Chapmans Peak - Cape Town - 7979 - South Africa,,,,,,,
Folk Tattoo & Piercing Studio,,,folktattoo.co.za,+27 67 398 3718,13 Louw St - Stellenbosch Central - Stellenbosch - 7600 - South Africa,Closed,10a.m. - 5p.m.,10a.m. - 5p.m.,10a.m. - 5p.m.,10a.m. - 5p.m.,10a.m. - 5p.m.,10a.m. - 5p.m.
Black.Inktattoostudio,,,,,Mpangele St - Atlantis - Cape Town - 7349 - South Africa,,,,,,,
Ink Aesthetics,,,https://inkaestheticsorg.wordpress.com/,,Beach Rd - Melkbosstrand - Cape Town - 7441 - South Africa,11a.m. - 5p.m.,10a.m. - 6p.m.,11a.m. - 5p.m.,10a.m. - 6p.m.,11a.m. - 3p.m.,Closed,Closed
Black Tiger Ink,,,https://www.facebook.com/Black-Tiger-Ink-608937229628650,+27 82 863 8144,655 Delft Main Rd - Delft South - Cape Town - 7100 - South Africa,Closed,1 - 4p.m.,1 - 4:30p.m.,Closed,Closed,9a.m. - 4p.m.,1 - 4p.m.
Betha_Ink Tattoo & Piercing,,,,+27 67 946 9011,24 Plein St - Cape Town City Centre - Cape Town - 8000 - South Africa,Open 24 hours,Open 24 hours,Open 24 hours,Open 24 hours,Open 24 hours,Open 24 hours,Open 24 hours
Mmw Artworks,,,https://www.instagram.com/mmwartworks/,+27 74 436 6450,,9:30a.m. - 8:30p.m.,9:30a.m. - 8:30p.m.,9:30a.m. - 8:30p.m.,9:30a.m. - 8:30p.m.,9:30a.m. - 8:30p.m.,9:30a.m. - 8:30p.m.,9:30a.m. - 8:30p.m.
Dust Tattoo,,,dusttattoo.co.za,+27 71 010 3774,Unit 11 - The Royal - 4 Queens Park Ave - Salt River - Cape Town - 7925 - South Africa,Closed,9a.m. - 4:30p.m.,9a.m. - 4:30p.m.,9a.m. - 4:30p.m.,9a.m. - 4:30p.m.,9a.m. - 4:30p.m.,Closed
Primal Culture Tattoo Studio,,,,,108 Main Rd - Plumstead - Cape Town - 7800 - South Africa,,,,,,,
Tattootimes,,,https://zen-tattoo-design.business.site/?utm_source=gmb&utm_medium=referral,+27 81 701 5046,11 Kromriver Cl - Portland - Cape Town - 7785 - South Africa,9a.m. - 7p.m.,9a.m. - 7p.m.,9a.m. - 7p.m.,9a.m. - 7p.m.,9a.m. - 7p.m.,6a.m. - 5p.m.,Closed
Ink Stained Skin,,,,,21 Lower Collingwood Rd - Observatory - Cape Town - 7925 - South Africa,,,,,,,
W.Ink Tattoo Studio,,,,+27 83 460 3509,,,,,,,,
The Tattoo Den,,,,+27 73 373 4681,10 Wellington - Portland - Cape Town - 7785 - South Africa,10a.m. - 10p.m.,10a.m. - 11p.m.,10a.m. - 10p.m.,10a.m. - 10p.m.,10a.m. - 10p.m.,10a.m. - 10p.m.,10a.m. - 10p.m.
Just The Tip Art Studio,,,,+27 83 887 3877,6 Oceanus Way - Phoenix - Cape Town - 7441 - South Africa,11a.m. - 5p.m.,11a.m. - 5p.m.,11a.m. - 5p.m.,11a.m. - 5p.m.,11a.m. - 5p.m.,11a.m. - 5p.m.,12 - 4p.m.
Tattoo Furniture Design,,,,+27 21 421 1338,Culemborg Ctr - Oswald Pirow St - Foreshore - Cape Town - 8001 - South Africa,,,,,,,
Tattoo,,,,,Belvedere Rd - Muizenberg - Cape Town - 7950 - South Africa,,,,,,,
Necrobeartattoos,,,,,10 Berrydel Ave - Greenway Rise - Cape Town - 7130 - South Africa,,,,,,,
Disciples Ink Hermanus Tattoo Studio,,,disciplesink.co.za,+27 78 464 1660,3 High St - CBD - Hermanus - 7200 - South Africa,10a.m. - 5p.m.,10a.m. - 5p.m.,10a.m. - 5p.m.,10a.m. - 5p.m.,10a.m. - 5p.m.,10a.m. - 2p.m.,Closed
Handstyle Tattoos 7Th Street Studio,4.8,117,handstyletattoos.co.za,+27 72 540 8368,Shop 4B - 7th St - Melville - Johannesburg - 2109 - South Africa,Closed,10a.m. - 5p.m.,10a.m. - 5p.m.,10a.m. - 5p.m.,10a.m. - 5p.m.,10a.m. - 5p.m.,Closed
1933 Classic Tattoos,4.8,104,http://www.1933.co.za/,+27 11 403 0077,33 De Korte St - Braamfontein - Johannesburg - 2000 - South Africa,9:30a.m. - 5:30p.m.,9:30a.m. - 5:30p.m.,9:30a.m. - 5:30p.m.,9:30a.m. - 5:30p.m.,9:30a.m. - 5:30p.m.,10a.m. - 4p.m.,Closed
Tattoos & Body Piercings By Dee,4.9,276,tattoosbydee.co.za,+27 83 669 0770,Next to Boston College - 36 De Beer St - Braamfontein - Johannesburg - 2001 - South Africa,Closed,11a.m. - 5p.m.,11a.m. - 5p.m.,11a.m. - 5p.m.,11a.m. - 5p.m.,10:30a.m. - 1:30p.m.,Closed
Tattoos By Charlene,4.9,58,https://hilliercharlene.wixsite.com/tattoosbycharlene,+27 71 334 4172,10 Thames Rd - Bertrams - Johannesburg - 2094 - South Africa,Open 24 hours,Open 24 hours,Open 24 hours,Open 24 hours,Open 24 hours,Open 24 hours,Open 24 hours
J.C Tattoo & Body Piercing,4.6,27,,+27 76 658 2727,139 Main Rd - Newlands - Johannesburg - 2093 - South Africa,9a.m. - 5p.m.,9a.m. - 5p.m.,9a.m. - 5p.m.,9a.m. - 5p.m.,9a.m. - 5p.m.,8:30a.m. - 4p.m.,Closed
Uws Blvck Ink Tattooz - Braamfontein,4.3,33,uwsblvckinktattooz.co.za,+27 83 451 6584,Shop 3 - Right Side - 93 Juta St - Braamfontein - Johannesburg - 2001 - South Africa,10a.m. - 6p.m.,10a.m. - 6p.m.,10a.m. - 6p.m.,10a.m. - 6p.m.,10a.m. - 6p.m.,10a.m. - 6p.m.,Closed
Om Tattooz And Body Piercing,5.0,77,,+27 73 233 6855,114 main street - corner Von Brandis St - CBD - Johannesburg - 2000 - South Africa,9a.m. - 5:30p.m.,9a.m. - 5:30p.m.,9a.m. - 5:30p.m.,9a.m. - 5:30p.m.,9a.m. - 5:30p.m.,9a.m. - 3:30p.m.,10a.m. - 2p.m.
Hillbilly Ink Tattoos & Piercing,4.4,72,https://hillbilly-ink-tattoos-piercing.business.site/?utm_source=gmb&utm_medium=referral,+27 82 924 6803,55 St Elmo Ave - Mayfair West - Johannesburg - 2092 - South Africa,Closed,9a.m. - 5p.m.,9a.m. - 5p.m.,9a.m. - 5p.m.,9a.m. - 5p.m.,9a.m. - 3p.m.,Closed
The Crows Nest,4.7,45,https://m.facebook.com/login.php?next=https%3A%2F%2Fm.facebook.com%2Fthecrowsnestsa%2F&refsrc=deprecated&_rdr,+27 83 357 0214,61 4th Ave - Melville - Johannesburg - 2092 - South Africa,Closed,10a.m. - 6p.m.,10a.m. - 6p.m.,10a.m. - 6p.m.,10a.m. - 6p.m.,10a.m. - 6p.m.,10a.m. - 4:30p.m.
Soweto Ink,4.5,102,https://www.sowetoink.com/,+27 61 077 4483,Zone 03 - 7580 Immink Street Diepkloof - Johannesburg - 2001 - South Africa,10a.m. - 6p.m.,10a.m. - 6p.m.,10a.m. - 6p.m.,10a.m. - 6p.m.,10a.m. - 6p.m.,10a.m. - 6p.m.,10a.m. - 6p.m.
Matchstick Tattoo Studio,4.9,54,matchsticktattoos.co.za,+27 60 742 3986,117 Langerman Dr - South Kensington - Johannesburg - 2094 - South Africa,Closed,10a.m. - 4p.m.,10a.m. - 4p.m.,10a.m. - 4p.m.,10a.m. - 4p.m.,10a.m. - 4p.m.,10a.m. - 4a.m.
Kevins Kustom Tattoos At Sacred Art Tattoo Lounge,4.6,16,https://www.facebook.com/kevinskustomtattoos/,+27 73 144 0115,11 Cadoza St - Westdene - Johannesburg - 2092 - South Africa,,,,,,,
Sacredserpent,4.9,24,,+27 79 526 8498,Unit U4B - Quality House Office Park - 33 St Christopher Rd - St Andrews - Johannesburg - South Africa,Closed,Closed,9a.m. - 4p.m.,9a.m. - 4p.m.,9a.m. - 4p.m.,10a.m. - 3p.m.,Closed
Sally Mustang Tattoos,4.8,333,https://www.sallymustangs.co/,+27 11 809 8094,Were - 39 Stanley Ave - Braamfontein - Johannesburg - 2092 - South Africa,Closed,10a.m. - 6p.m.,10a.m. - 6p.m.,10a.m. - 6p.m.,10a.m. - 6p.m.,10a.m. - 6p.m.,Closed
Ethel Tattoo Artist,4.5,12,,+27 76 235 8235,43 Frost Ave - Braamfontein Werf - Johannesburg - 2092 - South Africa,Closed,10a.m. - 5p.m.,10a.m. - 5p.m.,10a.m. - 5p.m.,10a.m. - 5p.m.,10a.m. - 5p.m.,10a.m. - 2p.m.
Os By Tshepo(Private Piercing/Tattoo Shop),5.0,50,tattoosbytshepo.co.za,+27 62 241 5237,24 Siemert Rd - New Doornfontein - Johannesburg - 2001 - South Africa,9a.m. - 9p.m.,9a.m. - 9p.m.,9a.m. - 9p.m.,9p.m. - 12a.m.,9a.m. - 9p.m.,9a.m. - 9p.m.,9a.m. - 5:30p.m.
Dark Neon Tattoos & Piercings,5.0,46,darkneon.co.za,+27 87 941 2676,7 6th St - Parkhurst - Johannesburg - 2193 - South Africa,Closed,10a.m. - 5p.m.,10a.m. - 5p.m.,10a.m. - 5p.m.,10a.m. - 5p.m.,10a.m. - 6p.m.,Closed
Studio57 - Canvas Cultique Tattoo Studio,4.9,89,canvascultique.co.za,+27 83 398 3571,57 6th St - Parkhurst - Randburg - 2193 - South Africa,10a.m. - 5p.m.,10a.m. - 8p.m.,10a.m. - 8p.m.,10a.m. - 8p.m.,10a.m. - 8p.m.,10a.m. - 5p.m.,10a.m. - 2p.m.
Art Pop Tattoos & Piercing,4.8,98,artpop.co.za,+27 64 722 8648,99 Linksfield Rd - Edenvale - Johannesburg - 1609 - South Africa,Closed,10a.m. - 5p.m.,10a.m. - 5p.m.,10a.m. - 5p.m.,10a.m. - 5p.m.,10a.m. - 5p.m.,Closed
Fallen Heroes Tattoo // Art,4.8,433,fallenheroes.co.za,+27 11 028 0994,249 Barry Hertzog Ave - Emmarentia - Randburg - 2195 - South Africa,9a.m. - 5p.m.,9a.m. - 5p.m.,9a.m. - 5p.m.,9a.m. - 5p.m.,9a.m. - 5p.m.,Closed,Closed
Hillside Tattoo Studio,4.9,61,hillsidetattoo.net,+27 68 422 0848,396 Jan Smuts Avenue Randburg - Craighall Park - Johannesburg - 2196 - South Africa,Closed,9a.m. - 4p.m.,9a.m. - 4p.m.,9a.m. - 4p.m.,9a.m. - 4p.m.,9a.m. - 2p.m.,Closed
True Black Body Arts Studio,3.6,22,,+27 72 337 3340,21 Ntemi Piliso St - Newtown - Johannesburg - 2113 - South Africa,,,,,,,
Ink To Skin Tattooing,4.8,68,https://inktoskin.co.za/,+27 84 273 9364,Vitality Medical Centre - 184 Columbine Ave - Mondeor - Johannesburg South - 2091 - South Africa,Open 24 hours,10a.m. - 4:30p.m.,10a.m. - 4:30p.m.,10a.m. - 4:30p.m.,10a.m. - 4:30p.m.,10a.m. - 4:30p.m.,10a.m. - 4:30p.m.
Thinkin' Skin - Temptoo Temporary Tattoos,5.0,11,https://thinkinskin.wordpress.com/%20%20%20%20%20%20%20www.thinkinskin.business.site,+27 78 032 4863,Sneddon St - Sydenham - Johannesburg - 2192 - South Africa,9a.m. - 5p.m.,9a.m. - 5p.m.,9a.m. - 5p.m.,9a.m. - 5p.m.,9a.m. - 5p.m.,9a.m. - 5p.m.,Closed
Black And White Tattoo Studio,4.7,307,blackandwhitetattoostudios.co.za,+27 84 288 7525,130 11th St - Parkmore - Sandton - 2196 - South Africa,9a.m. - 6p.m.,9a.m. - 6p.m.,9a.m. - 6p.m.,9a.m. - 6p.m.,9a.m. - 6p.m.,9a.m. - 6p.m.,10a.m. - 5p.m.
Convoy Tattoos,4.8,6,https://convoy-tattoos.business.site/?utm_source=gmb&utm_medium=referral,+27 60 352 9467,94 Helen Joseph St - Johannesburg - 2001 - South Africa,8:30a.m. - 6p.m.,8:30a.m. - 6p.m.,8:30a.m. - 6p.m.,8:30a.m. - 6p.m.,8:30a.m. - 6p.m.,8:30a.m. - 6p.m.,8:30a.m. - 6p.m.
Tattoos By Dee (Maboneng),5.0,29,http://www.tattoosbydee.co.za/,+27 82 255 7795,20 Kruger Street. Cnr Fox Street Next to Living Room Jozi Maboneng - Marshalltown - Johannesburg - 2096 - South Africa,Closed,10:30a.m. - 5:30p.m.,10:30a.m. - 5:30p.m.,10:30a.m. - 5:30p.m.,10:30a.m. - 5:30p.m.,10:30a.m. - 3p.m.,10:30a.m. - 4:30p.m.
Ash J Ink,4.9,23,,+27 61 369 2545,16 Hammond Rd - West Turffontein - Johannesburg South - 2190 - South Africa,6a.m. - 11p.m.,6a.m. - 11p.m.,6a.m. - 11p.m.,6a.m. - 11p.m.,6a.m. - 11p.m.,6a.m. - 11p.m.,6a.m. - 11p.m.
Sa Hardcore Social Club,4.8,72,,+27 11 327 2812,16A 4th Ave - Parkhurst - Randburg - 2193 - South Africa,9a.m. - 7p.m.,9a.m. - 7p.m.,9a.m. - 7p.m.,9a.m. - 7p.m.,9a.m. - 7p.m.,9a.m. - 7p.m.,9a.m. - 4p.m.
John'S Custom Tattoo & Piercing,5.0,32,,+27 82 434 2007,94C Rietfontein Rd - Primrose - Johannesburg - 1401 - South Africa,10a.m. - 4p.m.,10a.m. - 4p.m.,Closed,10a.m. - 4p.m.,10a.m. - 4p.m.,10a.m. - 4p.m.,Closed
Empire Tattoos,4.8,86,https://www.facebook.com/Empire-Tattoos-211594895541393/?pnref=lhc,+27 82 931 7563,14th Avenue Shop 106 - Fairlands on 14th Shopping Centre - Fairland - Johannesburg - 2000 - South Africa,Closed,10a.m. - 6p.m.,10a.m. - 6p.m.,10a.m. - 6p.m.,10a.m. - 6p.m.,10a.m. - 6p.m.,Closed
Black Hounds Studio,5.0,28,blackhounds.co.za,+27 67 979 5807,9 4th Ave - Parkhurst - Johannesburg - 2193 - South Africa,Closed,10a.m. - 6p.m.,10a.m. - 6p.m.,10a.m. - 6p.m.,10a.m. - 6p.m.,10a.m. - 6p.m.,10a.m. - 6p.m.
Alain Tattoos,3.7,3,alaintattoos.co.za,+27 82 448 0716,28B Garden Rd - Orchards - Johannesburg - 2192 - South Africa,,,,,,,
Nando Tatu,4.7,15,nandotatu.com,+27 78 647 7264,37 Henry Nxumalo St - Newtown - Johannesburg - 2001 - South Africa,9:30a.m. - 8p.m.,9a.m. - 8p.m.,9a.m. - 8p.m.,9a.m. - 8p.m.,9a.m. - 8p.m.,9a.m. - 9p.m.,9:30a.m. - 3p.m.
Dag'S Art Studio,5.0,20,https://dags-art-studio.business.site/?utm_source=gmb&utm_medium=referral,+27 62 043 2493,Shop 118 Newgate Shopping Centre - 103 Rahima Moosa St - Newtown - Johannesburg - 2001 - South Africa,10a.m. - 7p.m.,10a.m. - 7p.m.,10a.m. - 7p.m.,10a.m. - 7p.m.,10a.m. - 7p.m.,10a.m. - 7p.m.,10a.m. - 4p.m.
Xplicit Ink Tattoos,5.0,7,https://xplicitinktattoos.business.site/?utm_source=gmb&utm_medium=referral,+27 65 856 1849,18 Arun St - Riverlea - Johannesburg - 2093 - South Africa,10a.m. - 8p.m.,10a.m. - 8p.m.,10a.m. - 8p.m.,10a.m. - 8p.m.,10a.m. - 8p.m.,10a.m. - 6p.m.,Closed
Concepto Ink,4.8,6,,+27 83 531 9734,440 Louis Botha Ave - Highlands North - Johannesburg - 2192 - South Africa,9a.m. - 7p.m.,9a.m. - 7p.m.,9a.m. - 6p.m.,9a.m. - 7p.m.,9a.m. - 7p.m.,9a.m. - 7p.m.,10a.m. - 5:30p.m.
Cobra Ink,4.5,4,,+27 74 248 6582,23 - Fashion Kapitol - 130 Pritchard St - Hillbrow - Johannesburg - 2038 - South Africa,,,,,,,
The Tattoo Gallery,4.7,29,https://www.thetattoogallery.co.za/,+27 11 794 3821,Upper Level - Shop 14 Honey Crest Shopping Centre - Beyers NaudÃ© Dr & - Duiker Ave - Randpark Ridge - Johannesburg - 2156 - South Africa,Closed,10a.m. - 5:30p.m.,10a.m. - 5:30p.m.,10a.m. - 5:30p.m.,10a.m. - 5:30p.m.,10a.m. - 5:30p.m.,10a.m. - 5:30p.m.
Hand Of Mysteries Tattoo,4.9,46,heartandhandtattoos.com,,Shop 20 - Devon Valley Centre - 122 9th Ave - Weltevredenpark - Johannesburg - 2030 - South Africa,Closed,10a.m. - 5p.m.,10a.m. - 5p.m.,10a.m. - 5p.m.,10a.m. - 5p.m.,10a.m. - 5p.m.,Closed
Wayne'S Tattoos,4.7,60,,+27 11 682 3798,Comaro Shopping Center - Comaro St - Bassonia - Johannesburg South - 2190 - South Africa,,,,,,,
Sorry Mom Tattoo Art Studio,4.8,87,sorrymomtattoos.co.za,+27 71 674 6801,Shop UL22 - Lonehill Shopping Centre - Lonechill Blvd - Lone Hill - Johannesburg - 2062 - South Africa,9a.m. - 6p.m.,9a.m. - 6p.m.,9a.m. - 6p.m.,9a.m. - 6p.m.,9a.m. - 6p.m.,9a.m. - 4p.m.,9a.m. - 1p.m.
Emerald Rain Tattoos,4.7,9,emeraldraintattoos.com,+27 73 580 4842,39 Gleneagles Rd - Greenside - Randburg - 2195 - South Africa,Closed,10a.m. - 5p.m.,10a.m. - 5p.m.,10a.m. - 5p.m.,10a.m. - 5p.m.,10a.m. - 5p.m.,10a.m. - 5p.m.
Tattoo'S By Mr Dee'S,4.0,12,,+27 82 526 0333,Shop No. 2 - Northcliff Corner Shopping Centre - Beyers Naude Dr - Northcliff - Johannesburg - 2123 - South Africa,,,,,,,
Buzz Inc Tattoo Studio,5.0,81,buzztattoo.co.za,+27 83 355 5537,All Saints Centre - Windsor Way - Olivedale - Johannesburg - 1709 - South Africa,Closed,10a.m. - 5p.m.,10a.m. - 5p.m.,10a.m. - 5p.m.,10a.m. - 5p.m.,10a.m. - 5p.m.,Closed
Rising Dragon Tattoo,4.6,178,risingdragontattoo.co.za,+27 73 314 0437,64 Crawford Dr - Douglasdale - Johannesburg - 2191 - South Africa,9a.m. - 5p.m.,9a.m. - 5p.m.,9a.m. - 5p.m.,9a.m. - 5p.m.,9a.m. - 5p.m.,9a.m. - 5p.m.,Closed
Black Hat Tattoos,5.0,2,,+27 68 272 0660,48 Sussex Rd - Parkwood - Johannesburg - 2193 - South Africa,Closed,10a.m. - 5p.m.,10a.m. - 5p.m.,10a.m. - 5p.m.,10a.m. - 5p.m.,10a.m. - 5p.m.,Closed
Rumble And Hum Tattoo,4.8,250,rumbleandhum.com,+27 66 150 8123,Shop 25 - Town square Shopping centre - Weltevredenpark - Johannesburg - 1709 - South Africa,9a.m. - 4p.m.,9a.m. - 4p.m.,9a.m. - 4p.m.,9a.m. - 4p.m.,9a.m. - 4p.m.,9a.m. - 4p.m.,Closed
Ink Pride Tattoos And Piercing,5.0,1,inkpridetattoos.co.za,+27 83 404 7804,280 Corlett Dr - Corlett Gardens - Johannesburg - 2018 - South Africa,,,,,,,
Exclusive Ink,5.0,22,exclusiveink.co.za,+27 63 143 9624,Cramerview Centre - 277 Main Rd - Bryanston - Johannesburg - 2060 - South Africa,Closed,9a.m. - 4p.m.,9a.m. - 4p.m.,9a.m. - 4p.m.,9a.m. - 4p.m.,9a.m. - 2p.m.,Closed
Ross Ink Tattoos,4.8,75,,+27 82 904 3864,339 Jan Smuts Ave - Craighall Park - Randburg - 2196 - South Africa,9:30a.m. - 6p.m.,9:30a.m. - 6p.m.,9:30a.m. - 6p.m.,9:30a.m. - 6p.m.,9:30a.m. - 6p.m.,9:30a.m. - 6p.m.,9:30a.m. - 6p.m.
Migration Tattoos,5.0,20,,+27 61 448 6059,0B 5th St - Florida Glen - Johannesburg - 0157 - South Africa,9a.m. - 5p.m.,9a.m. - 5p.m.,9a.m. - 5p.m.,9a.m. - 5p.m.,9a.m. - 5p.m.,9a.m. - 5p.m.,Closed
Geoff Squires Tattoos,5.0,69,geoffsquirestattoos.co.za,+27 84 847 9527,90 Palliser Rd - Eastleigh - Edenvale - 1609 - South Africa,8a.m. - 4p.m.,8a.m. - 4p.m.,8a.m. - 4p.m.,8a.m. - 4p.m.,8a.m. - 4p.m.,8a.m. - 4p.m.,Closed
Blackneedle_Sa,5.0,4,https://blackneedle-sa.business.site/?utm_source=gmb&utm_medium=referral,+27 81 787 4171,97 Commissioner St - Marshalltown - Johannesburg - 2000 - South Africa,10a.m. - 6p.m.,10a.m. - 6p.m.,10a.m. - 6p.m.,10a.m. - 6p.m.,10a.m. - 6p.m.,10a.m. - 6p.m.,10a.m. - 6p.m.
Timeless Electric,,,,+27 83 655 2297,70 Juta St - Braamfontein - Johannesburg - 2000 - South Africa,,,,,,,
Customized Tattoos,4.0,7,https://ubetabeliveit.wixsite.com/customizedtattoos,,Johannesburg 22 blue crane nest Johannesburg Honeydew - 2118 - South Africa,9a.m. - 9p.m.,9a.m. - 9p.m.,9a.m. - 9p.m.,9a.m. - 9p.m.,9a.m. - 9p.m.,9a.m. - 3p.m.,12 - 3p.m.
Sa Tattoo Supply,4.2,5,satattoosupply.co.za,+27 79 865 0882,53 Dunvegan St - Sydenham - Johannesburg - 2192 - South Africa,7:30a.m. - 4p.m.,7:30a.m. - 4p.m.,7:30a.m. - 4p.m.,7:30a.m. - 4p.m.,7:30a.m. - 4p.m.,Closed,Closed
Be Kind Tattooing,5.0,32,bekindtattooing.co.za,+27 72 193 2651,7 Susman Ave - Blairgowrie - Johannesburg - 2194 - South Africa,Closed,10a.m. - 5p.m.,10a.m. - 5p.m.,10a.m. - 5p.m.,10a.m. - 4p.m.,10a.m. - 4p.m.,Closed
Royal Ink_Sa,4.8,37,,+27 61 345 7949,83 Linksfield Rd - Dowerglen - Edenvale - 1612 - South Africa,9a.m. - 5p.m.,9a.m. - 5p.m.,9a.m. - 5p.m.,9a.m. - 5p.m.,9a.m. - 5p.m.,9a.m. - 4p.m.,Closed
True Love Tattoo,5.0,26,,+27 10 495 6014,Shop no. 9 Linden Square Shopping Centre - Corner of 4th Avenue and - 8th St - Randburg - 2193 - South Africa,Closed,11a.m. - 6p.m.,11a.m. - 6p.m.,11a.m. - 6p.m.,11a.m. - 6p.m.,11a.m. - 6p.m.,Closed
Adam'S Eden Tattoos,5.0,62,,+27 71 493 5480,12 Emma St - Eden Glen - Edenvale - 1609 - South Africa,Closed,9a.m. - 4p.m.,9a.m. - 4p.m.,9a.m. - 4p.m.,9a.m. - 4p.m.,9a.m. - 4p.m.,Closed
Little California Tattoo & Music Studio,5.0,7,littlecalifornia.co.za,+27 64 631 6469,2 Tyrwhitt Ave - Rosebank - Johannesburg - 2196 - South Africa,10a.m. - 6:30p.m.,10a.m. - 6:30p.m.,10a.m. - 6:30p.m.,10a.m. - 6:30p.m.,10a.m. - 6:30p.m.,10a.m. - 6:30p.m.,11a.m. - 5p.m.
Desidera Tattoo,4.9,16,https://www.instagram.com/desideratattoo/,+27 79 692 6852,Unit 1 Delta Heights - 94 Conrad Dr - Blairgowrie - Randburg - 2194 - South Africa,Closed,10a.m. - 5p.m.,10a.m. - 5p.m.,10a.m. - 5p.m.,10a.m. - 5p.m.,10a.m. - 5p.m.,Closed
Inkspiration Tattoos,5.0,1,,+27 76 254 8385,83 Donnelly St - Turffontein - Johannesburg South - 2091 - South Africa,,,,,,,
Inkasi Tattoo,4.7,123,https://www.facebook.com/inKasiTattoo/,+27 81 500 0359,10680 Bhele St - Pimville Zone 1 - Soweto - 1809 - South Africa,Closed,9a.m. - 6p.m.,9a.m. - 6p.m.,9a.m. - 6p.m.,9a.m. - 6p.m.,9a.m. - 6p.m.,9a.m. - 3p.m.
Purple Dragon,4.9,41,,+27 76 880 0961,31 - Mindalore - Johannesburg - 1739 - South Africa,,,,,,,
The Golden Tiki,4.8,31,https://goldentiki.co.za/,+27 82 619 6055,60 4th Ave - Linden - Randburg - 2104 - South Africa,Closed,9a.m. - 5p.m.,9a.m. - 5p.m.,9a.m. - 5p.m.,9a.m. - 5p.m.,9a.m. - 5p.m.,Closed
Souza Super Naturals,,,,+27 72 205 6055,UNIT 2 - 19 Henri St - Braamfontein - Johannesburg - 2000 - South Africa,,,,,,,
Basiaink,5.0,1,https://www.facebook.com/basiaINK,+27 74 207 5189,67 Grant Ave - Norwood - Johannesburg - 2192 - South Africa,8a.m. - 5p.m.,8a.m. - 6p.m.,8a.m. - 6p.m.,8a.m. - 6p.m.,8a.m. - 6p.m.,8a.m. - 6p.m.,2 - 6p.m.
Assari Tattoo Studio,4.8,59,https://www.assaritattoostudio.com/,+27 76 964 6193,Assari Tattoo Studio Stoneridge Dr & - Greenstone Pl - Greenstone Hill - Modderfontein - 1609 - South Africa,Closed,9a.m. - 6p.m.,9a.m. - 6p.m.,9a.m. - 6p.m.,9a.m. - 6p.m.,9a.m. - 3p.m.,9a.m. - 3p.m.
Da Time Machine Studios,,,,+27 10 410 5497,11 Broad St - Park Central - Johannesburg - 2001 - South Africa,10a.m. - 12a.m.,Closed,Closed,Closed,Closed,Closed,Closed
Fantasy Tattoos,4.9,22,,+27 82 804 4834,Cnr Jochem Van Bruggen and Nelson Mandela Ave Opposite Lua Cafe Grey business complex - Alberton - 1449 - South Africa,9a.m. - 6p.m.,9a.m. - 6p.m.,9a.m. - 6p.m.,9a.m. - 6p.m.,9a.m. - 6p.m.,9a.m. - 5p.m.,9a.m. - 2p.m.
Tattoo Styles,4.6,39,tattoostyles.co.za,+27 82 415 6023,55 Van Buuren Rd - Bedfordview - Germiston - 2007 - South Africa,10a.m. - 6p.m.,10a.m. - 6p.m.,10a.m. - 6p.m.,10a.m. - 6p.m.,10a.m. - 6p.m.,9a.m. - 6p.m.,Closed
Beneath The Surface,4.7,42,beneaththesurface.co.za,+27 79 648 3566,Merrow down plaza - 71 troupant Avenue Magaliessig - Fourways - Johannesburg - 2191 - South Africa,10a.m. - 6p.m.,10a.m. - 6p.m.,10a.m. - 6p.m.,10a.m. - 6p.m.,10a.m. - 6p.m.,10a.m. - 5p.m.,Closed
Bong'S Tattos,4.2,6,,+27 74 551 9787,275 Odendaal Rd - Meadowlands - Johannesburg - 1852 - South Africa,,,,,,,
Blackrose Tattoos,4.9,56,blackrosetattoos.co.za,+27 72 114 3252,12 Ebbehout St - Sharonlea - Randburg - 2194 - South Africa,Closed,10a.m. - 4p.m.,10a.m. - 4p.m.,10a.m. - 4p.m.,10a.m. - 4p.m.,10a.m. - 4p.m.,10a.m. - 4p.m.
Bigmike Tattoos,5.0,2,,+27 60 525 1362,Plaza Brd Road - Florida - Johannesburg - 2001 - South Africa,,,,,,,
The Painted Lady Tattoo,4.7,100,,+27 11 783 9991,72 11th St - Parkmore - Sandton - 2196 - South Africa,Closed,10a.m. - 5p.m.,10a.m. - 5p.m.,10a.m. - 5p.m.,10a.m. - 5p.m.,10a.m. - 5p.m.,10a.m. - 2p.m.
V.I.P Tattoo Crew,5.0,2,,+27 71 361 0998,14a Kloof Road Oriel - Bedfordview - Johannesburg - 2007 - South Africa,10a.m. - 6p.m.,10a.m. - 6p.m.,10a.m. - 6p.m.,10a.m. - 6p.m.,10a.m. - 6p.m.,10a.m. - 6p.m.,10a.m. - 6p.m.
Steamed Rabbit Tattoos,4.9,44,steamedrabbit.co.za,+27 79 638 2741,The Tattoo Gallery Honeycrest Shopping Center - Randpark Ridge - Johannesburg - 2169 - South Africa,Closed,10a.m. - 5p.m.,10a.m. - 5p.m.,10a.m. - 5p.m.,10a.m. - 5p.m.,10a.m. - 5p.m.,Closed
Jenny'S Tattoos & Body Piercing,4.8,232,jennystattoos.co.za,+27 82 856 3110,Shop 3 The Lemon Tree Shopping Center Ascott road cnr. Swartkoppies & Heidelberg road Newmarket - Alberton - 1449 - South Africa,Closed,9a.m. - 3p.m.,9a.m. - 3p.m.,9a.m. - 3p.m.,9a.m. - 3p.m.,8a.m. - 12p.m.,Closed
Havana Tattoo Lounge,5.0,8,,+27 79 506 1898,,,,,,,,
Linkup Inkup Tattoo And Body Piercing Studios,5.0,1,https://linkup-inkup-tattoo-and-body-piercing.business.site/?utm_source=gmb&utm_medium=referral,+27 78 106 5176,69 Raleigh St - Yeoville - Johannesburg - 0027 - South Africa,8a.m. - 7:30p.m.,Closed,8a.m. - 7:30p.m.,8a.m. - 7:30p.m.,8a.m. - 7:30p.m.,9a.m. - 7p.m.,9a.m. - 7p.m.
Brand Tattoo,4.2,5,brandtattoo.co.za,+27 11 835 3067,5 4th St - Booysens Reserve - Johannesburg South - 2091 - South Africa,8a.m. - 4:30p.m.,8a.m. - 4:30p.m.,8a.m. - 4:30p.m.,8a.m. - 4:30p.m.,8a.m. - 4:30p.m.,Closed,Closed
Inklings Private Tattoo Studio,,,,,6th Ave - Highlands North - Johannesburg - 2192 - South Africa,Closed,10a.m. - 5p.m.,10a.m. - 5p.m.,10a.m. - 5p.m.,10a.m. - 5p.m.,10a.m. - 4p.m.,Closed
Jaded Ink,4.8,105,jadedink.co.za,+27 11 658 1736,above Portuguese Restaurant - Northlands Corner - cnr Witkoppen & New Market Road Shop F5C - 1st Floor - Hoogland - Randburg - 2194 - South Africa,Closed,10a.m. - 6p.m.,10a.m. - 6p.m.,10a.m. - 6p.m.,10a.m. - 6p.m.,10a.m. - 6p.m.,10a.m. - 1p.m.
Ink Steyn Tattoo Studio,5.0,1,,+27 76 392 5111,Bedfordview - 33 St Christopher Rd - St Andrews - Johannesburg - 2007 - South Africa,10a.m. - 5p.m.,10a.m. - 5p.m.,10a.m. - 5p.m.,10a.m. - 5p.m.,10a.m. - 5p.m.,10a.m. - 5p.m.,Closed
Autumn Tattoo Studio,5.0,34,,+27 81 311 6500,22 Valley Rd - Bordeaux - Randburg - 2194 - South Africa,Closed,10a.m. - 5p.m.,10a.m. - 5p.m.,10a.m. - 5p.m.,10a.m. - 5p.m.,10a.m. - 5p.m.,Closed
Kustom Ink,4.3,85,kustomink.co.za,+27 64 673 7034,22 St Andrews Ave - Bordeaux - Randburg - 2194 - South Africa,10a.m. - 5p.m.,10a.m. - 5p.m.,10a.m. - 5p.m.,10a.m. - 5p.m.,10a.m. - 5p.m.,10a.m. - 5p.m.,10a.m. - 5p.m.
Shadow Line Tattoos,4.5,84,,+27 73 628 0875,Shop 14 - Noordheuwel Mall - 110 Van Oordt St - Krugersdorp - Johannesburg - 1734 - South Africa,9a.m. - 5p.m.,9a.m. - 5p.m.,9a.m. - 5p.m.,9a.m. - 5p.m.,9a.m. - 5p.m.,9a.m. - 5p.m.,10a.m. - 5p.m.
420 Ink Sa,4.8,18,https://420inksa.business.site/,,Randview Shopping Centre - Jan Smuts - corner Republic Rd - Randburg - 2031 - South Africa,Closed,11a.m. - 7p.m.,11a.m. - 7p.m.,11a.m. - 7p.m.,11a.m. - 7p.m.,11a.m. - 7p.m.,11a.m. - 7p.m.
Ajayink Tattoos,,,https://ajayink-tattoos.business.site/?utm_source=gmb&utm_medium=referral,+27 81 306 5664,42 Alexandra St - Berea - Johannesburg - 2001 - South Africa,7a.m. - 12a.m.,7a.m. - 12a.m.,7a.m. - 12a.m.,7a.m. - 12a.m.,7a.m. - 12a.m.,7a.m. - 12a.m.,7a.m. - 12a.m.
Sheknows Ink Tattoo Studio,4.9,90,https://www.facebook.com/sheknowsink,+27 76 421 1063,93 Bram Fischer Dr - Ferndale - Randburg - 2194 - South Africa,Closed,10a.m. - 5p.m.,10a.m. - 5p.m.,10a.m. - 5p.m.,10a.m. - 5p.m.,10a.m. - 5p.m.,Closed
Awhe Tattoo & Lifestyle Studio,4.9,245,awhetattoo.co.za,+27 72 248 0092,100 Elizabeth Rd - El Ridge Office Park D5 - Bartlett - Boksburg - 1460 - South Africa,9a.m. - 6p.m.,9a.m. - 10p.m.,9a.m. - 6p.m.,9a.m. - 6p.m.,9a.m. - 6p.m.,9a.m. - 6p.m.,9a.m. - 6p.m.
Levitation Tattoo,5.0,19,levitationtattoo.co.za,+27 63 164 8842,51 Highcliff Way - Northcliff - Randburg - 2195 - South Africa,9a.m. - 5p.m.,9a.m. - 5:30p.m.,9a.m. - 5:30p.m.,9a.m. - 5:30p.m.,9a.m. - 5:30p.m.,9a.m. - 5:30p.m.,Closed
Manne Ink,,,https://manne-ink.business.site/?utm_source=gmb&utm_medium=referral,+27 67 776 7592,46 Biccard St - Braamfontein - Johannesburg - 2000 - South Africa,8a.m. - 8p.m.,8a.m. - 8p.m.,8a.m. - 8p.m.,8a.m. - 8p.m.,8a.m. - 8p.m.,8a.m. - 8p.m.,8a.m. - 8p.m.
Evil Ink Tattoos,4.8,9,,+27 73 373 5897,28 Hoeveld Rd - Ruimsig - Honeydew - 1724 - South Africa,10a.m. - 7p.m.,10a.m. - 7p.m.,10a.m. - 7p.m.,10a.m. - 7p.m.,10a.m. - 7p.m.,9a.m. - 6p.m.,Closed
Tattoo Maniacs Jhb,5.0,4,business.site,+27 67 321 8403,73 Field Rd - Witfield - Johannesburg - 1460 - South Africa,,,,,,,
Inkgenics,4.9,53,https://inkgenics.co.za/,+27 82 887 7040,56 Aletta Ave - Highway Gardens - Edenvale - 1609 - South Africa,9a.m. - 4p.m.,9a.m. - 4p.m.,9a.m. - 4p.m.,9a.m. - 4p.m.,9a.m. - 4p.m.,9a.m. - 4p.m.,9a.m. - 4p.m.
L'Encre Tattoo Studio,5.0,2,https://lencre1609tattoo.wixsite.com/lecre,+27 60 957 4595,16 Cecil Awret Rd - Edenvale - Johannesburg - 1609 - South Africa,10a.m. - 6p.m.,10a.m. - 6p.m.,10a.m. - 6p.m.,10a.m. - 6p.m.,10a.m. - 6p.m.,11a.m. - 2p.m.,Closed
Tattiki Tattoo,,,,+27 11 824 4357,South Rd - Linden - Johannesburg - 2104 - South Africa,,,,,,,
Top 2 Bottom Tattoo Co.,5.0,1,,+27 84 025 2022,78 3rd Ave - Linden - Johannesburg - 2195 - South Africa,10a.m. - 4:30p.m.,10a.m. - 4:30p.m.,10a.m. - 4:30p.m.,10a.m. - 4:30p.m.,10a.m. - 4:30p.m.,10a.m. - 2:30p.m.,Closed
Body Of Gold Tattoos,,,,+27 76 449 6557,,10a.m. - 10p.m.,10a.m. - 10p.m.,10a.m. - 10p.m.,10a.m. - 10p.m.,10a.m. - 10p.m.,11a.m. - 11p.m.,11a.m. - 11p.m.
Razztatt Ink Tattoos,,,,+27 79 965 3635,36 Arbedene Street Westdene - Brixton - Johannesburg - 2291 - South Africa,Closed,11a.m. - 6a.m.,11a.m. - 6a.m.,11a.m. - 6a.m.,11a.m. - 6a.m.,11a.m. - 9a.m.,11a.m. - 9a.m.
Quidink Tattoos,5.0,5,https://quidinktattoos.business.site/?utm_source=gmb&utm_medium=referral,+27 79 119 9561,15 Cosmos Ave - Linden - Randburg - 2104 - South Africa,10a.m. - 10:30p.m.,10a.m. - 10p.m.,10a.m. - 10p.m.,10a.m. - 10p.m.,10a.m. - 10p.m.,10a.m. - 5p.m.,10a.m. - 3p.m.
Alberante Ink (Tattoo Saloon),5.0,13,https://www.facebook.com/tattoosaloon.co.za?_rdc=1&_rdr,+27 73 175 1024,11 Meredy St - Randhart - Alberton - 1457 - South Africa,9a.m. - 10p.m.,9a.m. - 10p.m.,9a.m. - 10p.m.,9a.m. - 10p.m.,9a.m. - 10p.m.,9a.m. - 5p.m.,9a.m. - 5p.m.
Inksane Tattoos And Body Piercings,,,,+27 63 078 3006,Ottawa mall - 94 Helen Joseph St - Johannesburg - 2001 - South Africa,,,,,,,
Rose Gold Tattoos,5.0,16,facebook.com,+27 82 829 0323,11 Hennie Alberts St - Brackenhurst - Alberton - 1448 - South Africa,Closed,10a.m. - 6:30p.m.,10a.m. - 6:30p.m.,10a.m. - 6:30p.m.,10a.m. - 6:30p.m.,10a.m. - 6:30p.m.,Closed
Greedy Bear Tattoos,4.7,27,,+27 84 424 1717,818 Dhlomo Ln - Mofolo Central - Soweto - 1801 - South Africa,Closed,9a.m. - 5p.m.,9a.m. - 5p.m.,9a.m. - 5p.m.,9a.m. - 5p.m.,9a.m. - 5p.m.,9a.m. - 6p.m.
Godrich Inkz Tattoos,5.0,4,,+27 61 446 9358,39 butshingi Orlando west soweto - Johannesburg - 1804 - South Africa,7a.m. - 7p.m.,7a.m. - 7p.m.,7a.m. - 7p.m.,7a.m. - 7p.m.,7a.m. - 7p.m.,7a.m. - 7p.m.,7a.m. - 6p.m.
The Goth Spot,5.0,13,thegothspot.com,+27 65 691 3800,3 1st Rd - Greymont - Randburg - 2195 - South Africa,Closed,10a.m. - 5p.m.,10a.m. - 5p.m.,10a.m. - 5p.m.,10a.m. - 5p.m.,10a.m. - 5p.m.,Closed
Kyle B Tattoo,,,,,249 Barry Hertzog Ave - Emmarentia - Randburg - 2195 - South Africa,,,,,,,
The Burrow Tattoo Studio,,,https://www.instagram.com/jackelopeart/,+27 71 872 1019,60 Davidson St - Fairland - Johannesburg - 2030 - South Africa,"9a.m. - 2p.m., 4 - 11p.m.","9a.m. - 2p.m., 4 - 11p.m.","9a.m. - 2p.m., 4 - 11p.m.","9a.m. - 2p.m., 4 - 11p.m.",9a.m. - 6p.m.,9a.m. - 6p.m.,9a.m. - 6p.m.
Cobra Kc Tattoos (Ckct),4.9,14,,+27 83 293 8390,Gemelli - Main Rd - Bryanston - Sandton - South Africa,Closed,9:30a.m. - 5p.m.,9:30a.m. - 5p.m.,9:30a.m. - 5p.m.,9:30a.m. - 5p.m.,9:30a.m. - 5p.m.,9:30a.m. - 5p.m.
Soulstice Ink,5.0,1,https://www.instagram.com/soulstice.ink/,+27 64 909 2482,43 Niven Ave - Douglasdale - Johannesburg - 2191 - South Africa,10a.m. - 5p.m.,10a.m. - 5p.m.,10a.m. - 5a.m.,10a.m. - 5p.m.,10a.m. - 5p.m.,10a.m. - 5p.m.,Closed
Last Tem'Tation Tattoos,4.1,14,,+27 71 779 2923,2574 Motloung Section - masakane street - katlehong - johannesburg - 1431 - South Africa,8a.m. - 8p.m.,8a.m. - 8p.m.,8a.m. - 8p.m.,8a.m. - 8p.m.,8a.m. - 8p.m.,8a.m. - 8p.m.,8a.m. - 7p.m.
First Light Tattoo,,,firstlighttattoo.co.za,+27 82 080 6064,,10a.m. - 5p.m.,10a.m. - 5p.m.,10a.m. - 5p.m.,10a.m. - 5p.m.,10a.m. - 5p.m.,10a.m. - 2p.m.,Closed
Blake'S Tattoos,2.0,1,,+27 61 706 2205,23 Frederick Cooper Dr - Kenmare - Johannesburg - 2001 - South Africa,8p.m. - 12a.m.,12a.m. - 5p.m.,8a.m. - 5p.m.,8a.m. - 5p.m.,8a.m. - 5p.m.,8a.m. - 5p.m.,8a.m. - 5p.m.
Playas Ink,,,,+27 11 432 4056,19 Vorster Ave - Glenanda - Johannesburg - 2091 - South Africa,,,,,,,
Dark Side Tattoo Collective,5.0,2,,,3 Andre St - Glenanda - Johannesburg South - 2091 - South Africa,,,,,,,
Tattoo Innovation/Acat Tattoo Gods & Shian Tattoos,5.0,3,,+27 72 217 4297,,Open 24 hours,Open 24 hours,Open 24 hours,Open 24 hours,Open 24 hours,Open 24 hours,Closed
Romans Tattoo And Piercing,4.8,97,romanstattoo.co.za,+27 76 373 7380,Shop A23 Northview Shopping center Northriding - Northriding - 2188 - South Africa,Closed,9a.m. - 8p.m.,9a.m. - 8p.m.,9a.m. - 8p.m.,9a.m. - 8p.m.,9a.m. - 6p.m.,9a.m. - 3p.m.
B. Ink,,,https://msha.ke/b.ink/,+27 78 118 9076,33Ave - Goldman St - Florida - Johannesburg - 1709 - South Africa,10a.m. - 4p.m.,10a.m. - 4p.m.,10a.m. - 4p.m.,10a.m. - 4p.m.,10a.m. - 4p.m.,Closed,10a.m. - 4p.m.
First Light Tattoo,,,firstlighttattoo.co.za,+27 82 080 6064,8th Ave - Melville - Johannesburg - 2092 - South Africa,,,,,,,
La Tattoos Chris,4.8,45,,+27 78 210 7257,973 Plaza Rd - Florida - Roodepoort - 1709 - South Africa,,,,,,,
Royal Tattoos (Pty) Ltd,4.7,17,https://royal-tattoos-and-smokers.business.site/?utm_source=gmb&utm_medium=referral,+27 83 566 5126,Cemetery Rd - Bram Fischerville - Soweto - 1875 - South Africa,10a.m. - 6p.m.,10a.m. - 6p.m.,10a.m. - 6p.m.,10a.m. - 6p.m.,10a.m. - 6p.m.,10a.m. - 6p.m.,10a.m. - 6p.m.
Kevins Kustom Tattoo,5.0,1,,+27 11 782 9542,Shop 14 Northcliff Square - Cnr Beyers Naude & Milner Road - Northcliff - Randburg - 2195 - South Africa,,,,,,,
Tattoo Addict,4.7,34,tattooaddict.co.za,+27 61 982 2069,,8:30a.m. - 4:30p.m.,8:30a.m. - 4:30p.m.,8:30a.m. - 4:30p.m.,8:30a.m. - 4:30p.m.,8:30a.m. - 3p.m.,Closed,Closed
Drip Ink Tattoo Salon,2.0,1,https://drip-ink-tattoo-salon.business.site/?utm_source=gmb&utm_medium=referral,+27 64 423 5983,3129 Khowane THOKOZA - Everest Section - Johannesburg - Alberton - 1426 - South Africa,Open 24 hours,Open 24 hours,Open 24 hours,Open 24 hours,Open 24 hours,Open 24 hours,Open 24 hours
Melanin Black Tattoos And Body Piercings,5.0,2,https://www.instagram.com/kgosicanfly/,+27 63 620 2167,26 Bream St - Gillview - Johannesburg - 2091 - South Africa,Closed,9:30a.m. - 5:30p.m.,9:30a.m. - 5:30p.m.,9:30a.m. - 5:30p.m.,10a.m. - 7p.m.,10a.m. - 7p.m.,Closed
Bold Ronin Tattoo And Piercing,,,boldronin.co.za,+27 64 673 7989,Kliprivier Dr - Mulbarton - Johannesburg - 2190 - South Africa,Closed,Closed,Closed,Closed,Closed,9a.m. - 4p.m.,9a.m. - 4p.m.
Kid-T Ink Tattoos,,,,+27 62 377 2892,,9a.m. - 5p.m.,9a.m. - 5p.m.,9a.m. - 5p.m.,9a.m. - 5p.m.,9a.m. - 5p.m.,9a.m. - 5p.m.,Closed
The Tattoo Studio,,,,,18D Derrick Ave - Cyrildene - Johannesburg - 2198 - South Africa,,,,,,,
Ravayjah Tattoos,4.7,3,,+27 61 927 1400,2544 Selborne St - Alexandra - 2014 - South Africa,9a.m. - 5p.m.,9a.m. - 5p.m.,9a.m. - 5p.m.,9a.m. - 5p.m.,9a.m. - 5p.m.,9a.m. - 5p.m.,9a.m. - 5p.m.
Rockville Ink Tattoos,4.5,2,,+27 73 577 4535,1866 Mohobe St - Moroka - Soweto - 1818 - South Africa,9a.m. - 6p.m.,9a.m. - 6p.m.,9a.m. - 6p.m.,9a.m. - 6p.m.,9a.m. - 6p.m.,10a.m. - 6p.m.,10a.m. - 6p.m.
Tattoo And Microshading Salon,5.0,3,tattoosbytshepo.co.za,+27 62 241 5237,210 Commissioner St - Johannesburg - 2001 - South Africa,Open 24 hours,Open 24 hours,Open 24 hours,Open 24 hours,Open 24 hours,Open 24 hours,Open 24 hours
Jayone.Ink Tattoo Studio,5.0,3,,,2736A Zwelitsha St - Zola - Soweto - 1868 - South Africa,9:30a.m. - 8p.m.,9:30a.m. - 8p.m.,9:30a.m. - 8p.m.,9:30a.m. - 8p.m.,Open 24 hours,Open 24 hours,9:30a.m. - 4p.m.
Dowga Ink Tattoo Studio,3.8,4,,,108 President St - Germiston - Johannesburg - 1401 - South Africa,,,,,,,
Legacy Inc Tattoo & Piercing Studio,,,,+27 82 821 3890,101 Nelson Mandela Ave - Randhart - Alberton - 1449 - South Africa,,,,,,,
Tattoos Stokacover Up,1.0,1,,+27 83 589 4718,Human St - Krugersdorp - Johannesburg - 1739 - South Africa,,,,,,,
Old School Ink,,,,+27 84 459 8853,75 3rd Ave - Roodepoort North - Johannesburg - 1724 - South Africa,9a.m. - 5p.m.,9a.m. - 5p.m.,9a.m. - 5p.m.,9a.m. - 5p.m.,9a.m. - 5p.m.,9a.m. - 5p.m.,9a.m. - 5p.m.
Classy Ink Tattoos & Piercing,3.0,1,,+27 73 831 3807,32 Murray Rd - Kibler Park - Johannesburg South - 2091 - South Africa,9a.m. - 5p.m.,9a.m. - 5p.m.,9a.m. - 5p.m.,9a.m. - 5p.m.,9a.m. - 5p.m.,9a.m. - 5p.m.,9a.m. - 2p.m.
Wild Rose Tattoo Studio,5.0,9,,+27 63 501 5046,224 Rondebult Rd - Libradene - Boksburg - 1459 - South Africa,Closed,8a.m. - 5p.m.,8a.m. - 5p.m.,8a.m. - 5p.m.,8a.m. - 5p.m.,9a.m. - 4p.m.,9a.m. - 3p.m.
Street Ink Sa (Tattoos & Piercings),4.7,3,https://street-ink-sa-tattoos-piercings.business.site/,+27 78 075 8482,8216 Makhetha St - Orlando West - Soweto - 1804 - South Africa,Closed,9a.m. - 6p.m.,9a.m. - 6p.m.,9a.m. - 6p.m.,9a.m. - 6p.m.,9a.m. - 6a.m.,12 - 4p.m.
Bezyinktattooz,,,,+27 78 329 0257,No - 3114 - Likole - Johannesburg - 1432 - South Africa,,,,,,,
Sin On Skin,4.8,146,,+27 83 700 0459,Glenwood Village - Glenwood - Durban - 4083 - South Africa,9a.m. - 4p.m.,9a.m. - 4p.m.,9a.m. - 4p.m.,9a.m. - 4p.m.,9a.m. - 4p.m.,8:30a.m. - 2p.m.,Closed
Monsta Ink Ushaka,4.0,76,monstaink.co.za,+27 68 186 6657,Shop D14A - Ushaka Marine World - 15 Southampton St - Durban Central - Durban - 4001 - South Africa,9a.m. - 5p.m.,9a.m. - 5p.m.,9a.m. - 5p.m.,9a.m. - 5p.m.,9a.m. - 6p.m.,9a.m. - 6p.m.,9a.m. - 5p.m.
Trade Mark Tattoo,4.8,185,https://www.trademarktattoos.com/,+27 31 303 8713,295 Florida Rd - Windermere - Berea - 4001 - South Africa,11a.m. - 6p.m.,11a.m. - 6p.m.,11a.m. - 6p.m.,11a.m. - 6p.m.,11a.m. - 6p.m.,11a.m. - 4p.m.,Closed
Monsta Ink Pavilion,4.4,107,https://www.monstaink.co.za/,+27 68 122 5205,s - The Pavilion - near Cinema - Jack Martens Dr - Westville - Durban - 3630 - South Africa,9a.m. - 6p.m.,9a.m. - 6p.m.,9a.m. - 6p.m.,9a.m. - 6p.m.,9a.m. - 7p.m.,9a.m. - 7p.m.,9a.m. - 6p.m.
Blackman Ink Tattoos Durban,4.7,14,,,330 doctor Pixley kaSeme Street Pioneer Place Building,,,,,,,
Bluff Ink Tattoo Studio,4.8,68,,+27 72 513 9194,24 Stableford Rd - bayview - Bluff - 4052 - South Africa,8a.m. - 4p.m.,8a.m. - 4p.m.,8a.m. - 4p.m.,8a.m. - 4p.m.,8a.m. - 4p.m.,8a.m. - 12p.m.,Closed
Cp Ink Tattoos,5.0,11,,+27 67 843 2296,Shop 14B - 91 Somtseu Road Mangrove Beach Center - North Beach - Durban - 4001 - South Africa,,,,,,,
Fine Line Tattoo And Piercing,4.9,442,finelinetattoo.co.za,+27 87 700 2695,8 Mackeurtan Ave - Durban North - 4051 - South Africa,10a.m. - 5p.m.,10a.m. - 5p.m.,10a.m. - 5p.m.,10a.m. - 5p.m.,10a.m. - 5p.m.,10a.m. - 5p.m.,Closed
Blackman Ink Tattoos Durban | Tattoo Palour | Tattoo Specialist In Durban | Profesional Tattoo Artists | Tattoo Removal | Tattoo Coverups,4.9,7,http://www.blackmaninktattoos.co.za/cgi-sys/suspendedpage.cgi,+27 71 779 9833,357 Anton Lembede ST - Smith Street - CBD - Durban - 4001 - South Africa,9:30a.m. - 9p.m.,9:30a.m. - 9p.m.,9:30a.m. - 9p.m.,9:30a.m. - 9p.m.,9:30a.m. - 9p.m.,9:30a.m. - 9p.m.,9:30a.m. - 9p.m.
New Skin Tattoos,4.7,14,,+27 60 882 2619,city center - 303 West St - Durban Central - Durban - 4001 - South Africa,9a.m. - 4p.m.,9a.m. - 4p.m.,9a.m. - 4p.m.,9a.m. - 4p.m.,9a.m. - 4p.m.,9a.m. - 2p.m.,Closed
Liberty Tattoos,4.0,5,https://www.instagram.com/nixdigsink/,+27 73 695 5128,275 Florida Rd - Windermere - Durban - 4001 - South Africa,10a.m. - 2:30p.m.,9:30a.m. - 4p.m.,9:30a.m. - 4p.m.,9:30a.m. - 4p.m.,9:30a.m. - 4p.m.,9a.m. - 3p.m.,Closed
Red Webz Tattoo Studio,4.8,22,,+27 82 570 8463,152 Kenneth Kaunda Rd - Durban North - Durban - 4016 - South Africa,9a.m. - 5p.m.,10a.m. - 5p.m.,10a.m. - 5p.m.,10a.m. - 5p.m.,10a.m. - 5p.m.,10a.m. - 5p.m.,10a.m. - 1p.m.
Durban Pro Inkers Tattoo And Piercing Studio Durban Central,4.8,5,,+27 71 573 7662,68 Ismail C Meer St - Durban Central - Durban - 4000 - South Africa,9a.m. - 4p.m.,9a.m. - 4p.m.,9a.m. - 4p.m.,9a.m. - 4p.m.,9a.m. - 4p.m.,9a.m. - 4p.m.,Closed
Tattoo'S By Raaz,3.7,3,,+27 67 218 7306,211 Pine St - Durban Central - Durban - 4001 - South Africa,8:30a.m. - 8p.m.,8:30a.m. - 8p.m.,8:30a.m. - 8p.m.,8:30a.m. - 8p.m.,8:30a.m. - 8p.m.,8:30a.m. - 8p.m.,1 - 6:30p.m.
Skin Art Tattoos,5.0,4,,+27 71 003 0957,121 Victoria Embankment - Durban Central - Durban - 4001 - South Africa,9a.m. - 5p.m.,9:30a.m. - 5p.m.,9a.m. - 5p.m.,9:30a.m. - 5p.m.,9a.m. - 5p.m.,10a.m. - 3:30p.m.,10a.m. - 4p.m.
Tattoos By Naid,4.9,12,https://tattoos-by-naid.business.site/,+27 71 296 8448,5 Morus Pl - Bonela - Durban - 4001 - South Africa,Closed,10a.m. - 8p.m.,10a.m. - 8p.m.,10a.m. - 8p.m.,10a.m. - 8p.m.,9a.m. - 4p.m.,11a.m. - 4p.m.
Zer031 Tattoo Studio (Aka) Durban Ink Tattoo Studio,5.0,2,,+27 62 157 6365,60 Persadh Rd - Clairwood - Durban - 4052 - South Africa,8a.m. - 6p.m.,8a.m. - 6p.m.,8a.m. - 6p.m.,8a.m. - 6p.m.,8a.m. - 4p.m.,9a.m. - 3p.m.,Closed
@Calligraphy.Inktattoosdurban,5.0,3,,+27 78 861 4248,303 West St - Town - Durban - 4001 - South Africa,9a.m. - 5p.m.,9a.m. - 5p.m.,9a.m. - 5p.m.,9a.m. - 5p.m.,9a.m. - 5p.m.,9a.m. - 4p.m.,10a.m. - 1p.m.
Just Ink Tattoo Studio,5.0,17,https://tatjustin69.wixsite.com/justink,+27 78 736 8510,114 Wood Rd - Montclair - Durban - 4061 - South Africa,9a.m. - 5p.m.,9a.m. - 5p.m.,9a.m. - 5p.m.,9a.m. - 5p.m.,9a.m. - 5p.m.,9a.m. - 5p.m.,Closed
Teardrop Tattoo Parlour,4.5,79,teardroptattoo.co.za,+27 79 014 2954,13 The Lighthouse - Equinox Road - Umhlanga Ridge - Umhlanga - Durban - 4319 - South Africa,10a.m. - 5p.m.,10a.m. - 5p.m.,10a.m. - 5p.m.,10a.m. - 5p.m.,10a.m. - 5p.m.,10a.m. - 5p.m.,10a.m. - 2p.m.
Surreal Tattoos,4.9,56,surrealtattoos.co.za,+27 81 508 4852,Shop 10 - The Zen - 31 Zenith Dr - Umhlanga Ridge - Durban - 4319 - South Africa,9a.m. - 5p.m.,9a.m. - 5p.m.,9a.m. - 5p.m.,9a.m. - 5p.m.,9a.m. - 5p.m.,10a.m. - 4p.m.,Closed
Insertion Of Ink Sa,5.0,11,https://insertinksa.com/,+27 78 213 2450,31 Teignmouth Rd - Umbilo - Durban - 4094 - South Africa,,,,,,,
Salvage Tattoo,5.0,9,salvagetattoo.co.za,+27 82 307 4100,Shop 52 - 53 Adelaide Tambo Kensington Square - Adelaide Tambo Dr - Durban North - 4051 - South Africa,10a.m. - 6p.m.,10a.m. - 6p.m.,10a.m. - 6p.m.,10a.m. - 6p.m.,10a.m. - 6p.m.,10a.m. - 6p.m.,Closed
Throttle Brothers Tattoos,4.3,16,,+27 61 126 2879,330 Quality St - Jacobs - Bluff - 4026 - South Africa,9a.m. - 6p.m.,9a.m. - 6p.m.,9a.m. - 6p.m.,9a.m. - 6p.m.,9a.m. - 6p.m.,9a.m. - 6p.m.,10a.m. - 3p.m.
Cebo'S Tattoo Studio/Internet Cafe,4.3,10,,+27 84 696 2866,Nubian Ave - Nsimbini area - Durban - 4091 - South Africa,9a.m. - 8p.m.,9a.m. - 8p.m.,9a.m. - 8p.m.,9a.m. - 8p.m.,8a.m. - 10p.m.,10a.m. - 4p.m.,10a.m. - 7p.m.
Dark Angel Tattoos & Body Piercing,4.3,29,,+27 73 103 0447,1 Spanbury Pl - Eastbury - Durban - 4068 - South Africa,Open 24 hours,Open 24 hours,Open 24 hours,Open 24 hours,Open 24 hours,Open 24 hours,8a.m. - 5p.m.
Tried And True Tattoo,5.0,11,,,47 Ashley Ave - Glen Ashley - Durban North - 4051 - South Africa,10a.m. - 6p.m.,10a.m. - 6p.m.,10a.m. - 6p.m.,10a.m. - 6p.m.,10a.m. - 6p.m.,10a.m. - 2p.m.,Closed
Ink It Tattoos,4.7,36,inkittattoos.co.za,+27 81 414 3941,Unit 10 Pineville Junction - 81 Stapleton Rd - Cowies Hill Park - Durban - 3610 - South Africa,9a.m. - 5p.m.,9a.m. - 5p.m.,9a.m. - 5p.m.,9a.m. - 5p.m.,9a.m. - 5p.m.,9a.m. - 1p.m.,Closed
Lotus Tattoo,5.0,2,,+27 71 423 3397,124 Helen Joseph Rd - Glenwood - Durban - 4001 - South Africa,10a.m. - 6p.m.,10a.m. - 6p.m.,10a.m. - 6p.m.,10a.m. - 6p.m.,10a.m. - 10p.m.,11a.m. - 6p.m.,12 - 6p.m.
Alien Ink,5.0,5,https://m.facebook.com/login.php?next=https%3A%2F%2Fm.facebook.com%2FAlien-Ink-Tattoo-Piercing-Studio-Tattooed-Goddess-751858691574308%2F%3Ftsid%3D0.6707664149184698%26source%3Dresult&refsrc=deprecated&_rdr,+27 82 857 3503,Shop No.2 - Limnos square - 1309 Sarnia Rd - Hillary - Durban - 4006 - South Africa,9a.m. - 4p.m.,9a.m. - 4p.m.,9a.m. - 4p.m.,9a.m. - 4p.m.,9a.m. - 4p.m.,9a.m. - 4p.m.,Closed
Evolution Inks Tattoo Shop,5.0,13,https://evolutioninks92.wixsite.com/tattoos,+27 64 657 7570,Unit 13 - 28 Mackeurtan Ave - Swapo Rd - Durban North - Durban - 4001 - South Africa,10a.m. - 6p.m.,10a.m. - 6p.m.,10a.m. - 6p.m.,10a.m. - 6p.m.,10a.m. - 6p.m.,10a.m. - 6p.m.,10a.m. - 2p.m.
Denor House,3.4,12,,,347 Smith St - Durban Central - Durban - 4001 - South Africa,,,,,,,
Zakiyya - Henna Art Durban,4.3,12,hennaart.co.za,+27 83 786 0978,94 Bardia Ave - Reservoir Hills - Durban - 4091 - South Africa,12 - 2p.m.,12 - 2p.m.,12 - 2p.m.,12 - 2p.m.,Closed,Closed,Closed
Teez Kustomz,4.8,65,,+27 82 267 3118,31 Zenith Dr - Umhlanga - Durban - 4319 - South Africa,Closed,9a.m. - 5p.m.,9a.m. - 5p.m.,9a.m. - 5p.m.,9a.m. - 5p.m.,9a.m. - 5p.m.,9a.m. - 5p.m.
Down 2 Earth Inkers,4.0,1,,+27 79 282 0260,537 Smith St - Durban Central - Durban - 4001 - South Africa,9a.m. - 4p.m.,9a.m. - 4p.m.,9a.m. - 4p.m.,9a.m. - 4p.m.,9a.m. - 4p.m.,9a.m. - 4p.m.,9a.m. - 4p.m.
Santana Ink Tattoo And Piercings Artist Durban Contact,5.0,1,,+27 71 765 6813,8th floor PIONEER BUILDING Durban - Durban - 4091 - South Africa,9a.m. - 6p.m.,9a.m. - 6p.m.,9a.m. - 6p.m.,9a.m. - 6p.m.,9a.m. - 6p.m.,9a.m. - 6p.m.,9a.m. - 6p.m.
Electric Eye Tattoo,4.3,59,chrome-error://chromewebdata/,+27 31 561 2555,13 McCausland Cres - Umhlanga - 4320 - South Africa,10a.m. - 6p.m.,10a.m. - 6p.m.,10a.m. - 6p.m.,10a.m. - 6p.m.,10a.m. - 6p.m.,10a.m. - 6p.m.,10a.m. - 6p.m.
Art In Motion Tattoos,5.0,7,https://art-in-motion-tattoos.business.site/,+27 68 053 3649,,Open 24 hours,Open 24 hours,Open 24 hours,Open 24 hours,Open 24 hours,Open 24 hours,Open 24 hours
Misfit Ink Tattoo Studio,5.0,1,,+27 66 232 3409,Shop C20 - Wilsons Wharf - 14 Boatmans Rd - Albert Park - Durban - 4000 - South Africa,10a.m. - 9p.m.,10a.m. - 9p.m.,10a.m. - 9p.m.,10a.m. - 9p.m.,10a.m. - 9p.m.,10a.m. - 9p.m.,10a.m. - 6p.m.
House Of Ink Pty Ltd,5.0,2,houseofink.co.za,+27 74 726 9833,77 Nizam Rd - Merebank East - Durban - 4052 - South Africa,10a.m. - 5p.m.,10a.m. - 5p.m.,10a.m. - 5p.m.,10a.m. - 5p.m.,10a.m. - 5p.m.,10a.m. - 3p.m.,Closed
Blackfoot Tattoos Emporium,4.8,5,,+27 62 052 1954,P53 Bhejane Rd - KwaMashu - Durban - 4309 - South Africa,9a.m. - 5p.m.,9a.m. - 5p.m.,9a.m. - 5p.m.,9a.m. - 5p.m.,Open 24 hours,Open 24 hours,9a.m. - 5p.m.
Iqhawe Tattoos,5.0,1,,+27 76 305 1949,197 Brand Rd - Glenwood - Durban - 4001 - South Africa,Closed,9a.m. - 4:30p.m.,9a.m. - 4:30p.m.,9a.m. - 4:30p.m.,9a.m. - 4:30p.m.,9a.m. - 4:30p.m.,9a.m. - 4:30p.m.
Cocktail Ink Tattoos,5.0,6,https://cocktail-ink-tattoos.business.site/?utm_source=gmb&utm_medium=referral,+27 78 559 0557,79 Mhlongo Rd - Lamontville - Durban - 4001 - South Africa,8:30a.m. - 6p.m.,8:30a.m. - 6p.m.,8:30a.m. - 6p.m.,8:30a.m. - 7:30p.m.,8:30a.m. - 8p.m.,8:30a.m. - 8p.m.,8:30a.m. - 8p.m.
Pro Rider Tattoos,4.9,12,,+27 76 378 9467,Millenium Market - Pandora St - Phoenix - Durban - 4068 - South Africa,,,,,,,
Trinity Tattoos,,,,+27 71 296 8448,297 Florida Rd - Windermere - Durban - 4001 - South Africa,,,,,,,
Tattoos By Kimeshan,4.8,10,https://tattoos-by-kimeshan.business.site/?utm_source=gmb&utm_medium=referral,+27 72 454 8103,80 Grove End Dr - Phoenix - Durban - 4068 - South Africa,Closed,9a.m. - 6p.m.,9a.m. - 6p.m.,9a.m. - 6p.m.,9a.m. - 6p.m.,9a.m. - 6p.m.,9a.m. - 6p.m.
2Wice Ink Tattoos,,,,,Smith St - Durban Central - Durban - 4001 - South Africa,,,,,,,
Bhubesi Ink,5.0,1,,+27 84 533 1355,159 10th Ave - Morning Side - Durban - 4001 - South Africa,9a.m. - 6p.m.,9a.m. - 6p.m.,9a.m. - 6p.m.,9a.m. - 6p.m.,9a.m. - 6p.m.,9a.m. - 6p.m.,9a.m. - 2:30p.m.
Skin Graaf Ink Tattoo And Piercings,,,,+27 83 376 0338,shop no 7 - 531 Sarnia Rd - Sea View - Durban - 4094 - South Africa,Closed,11a.m. - 8p.m.,11a.m. - 8p.m.,11a.m. - 8p.m.,11a.m. - 8p.m.,11a.m. - 8p.m.,11a.m. - 8p.m.
Tattoos King Magic,5.0,4,https://www.facebook.com/,+27 81 309 3637,8 Bell St - HighSpray - Durban - 4001 - South Africa,,,,,,,
Blackman Ink,5.0,1,,,357 Smith St - Durban Central - Durban - 4001 - South Africa,,,,,,,
Henna By Sumayya J - Durban,,,,+27 76 092 5400,Lilian Ngoyi Rd - Morningside - Durban - 4001 - South Africa,,,,,,,
Step Up (Tattoos// Piercings// Permanent Make Up),4.6,18,https://stepuptattoos.business.site/?utm_source=gmb&utm_medium=referral,+27 72 117 7553,shop 35 (ground level - Kloof Village Mall - 33 Village Rd - Kloof - Durban - 3610 - South Africa,Closed,9a.m. - 4p.m.,9a.m. - 4p.m.,9a.m. - 4p.m.,9a.m. - 4p.m.,9a.m. - 2p.m.,Closed
Tattooing,,,,+27 31 312 5975,453 Windermere Gve - Morningside - Durban - 4001 - South Africa,,,,,,,
South Side Ink,4.7,13,chrome-error://chromewebdata/,+27 84 346 2616,Shop B05 - Granada Square - 16 Chartwell Dr - Umhlanga - Durban - 4319 - South Africa,Closed,10a.m. - 5p.m.,10a.m. - 5p.m.,10a.m. - 5p.m.,10a.m. - 5p.m.,10a.m. - 5p.m.,12 - 5p.m.
Simba Tattoos,4.6,33,https://simba-tattoos.business.site/,+27 61 457 6351,41 Heathrow Ave - Riet River - Verulam - 4339 - South Africa,9:30a.m. - 5p.m.,9a.m. - 5p.m.,9:30a.m. - 5p.m.,9a.m. - 5p.m.,9a.m. - 5p.m.,9a.m. - 4:30p.m.,9a.m. - 4:30p.m.
Ink Slave,,,https://ink-slave.business.site/?utm_source=gmb&utm_medium=referral,+27 84 551 6742,Room 406 floor number 4 - West Street - 330 pioneer place - Durban Central - Durban - 4000 - South Africa,9a.m. - 8a.m.,9a.m. - 8p.m.,9a.m. - 8p.m.,9a.m. - 8p.m.,9a.m. - 8p.m.,9a.m. - 9p.m.,10a.m. - 7a.m.
Skinart Tattoo Training,5.0,6,https://www.skinart.co.za/,+27 72 151 8259,1 King Shaka Ave - Point - Durban - 3610 - South Africa,Open 24 hours,Open 24 hours,Open 24 hours,Open 24 hours,Open 24 hours,Open 24 hours,Open 24 hours
Santana Tattoo Artist Durban Matunhire,,,,+27 71 765 6813,8th floor - Room 817 - 330 West St - Durban Central - Durban - 4001 - South Africa,Open 24 hours,Open 24 hours,Open 24 hours,Open 24 hours,Open 24 hours,Open 24 hours,Open 24 hours
Exotic Arts Tattoo Studio,,,,+27 76 692 4556,59 Donkin Road Parlock Newlands West - Durban - 4037 - South Africa,9a.m. - 6p.m.,9a.m. - 6p.m.,9a.m. - 6p.m.,9a.m. - 6p.m.,9a.m. - 6p.m.,9a.m. - 6p.m.,9a.m. - 6p.m.
Throttle Brothers Tattoos,3.0,2,,+27 73 278 6492,574 Tara Rd - Wentworth - Bluff - 4052 - South Africa,,,,,,,
Tropical Ink Tattoo & Piercing,4.9,7,tropicalink.co.za,+27 31 561 2555,11 McCausland Cres - Umhlanga - 4320 - South Africa,10a.m. - 5p.m.,10a.m. - 5p.m.,10a.m. - 5p.m.,10a.m. - 5p.m.,10a.m. - 5p.m.,10a.m. - 5p.m.,Closed
Majestic Ink,,,,+27 72 054 9570,Greenwood Park - Durban North - 4051 - South Africa,8a.m. - 6p.m.,8a.m. - 6p.m.,8a.m. - 6p.m.,8a.m. - 6p.m.,8a.m. - 6p.m.,8a.m. - 6p.m.,8a.m. - 6p.m.
Dit'Studio'S,,,,+27 84 517 8475,Pine Rd - Clairwood - Durban - 4052 - South Africa,,,,,,,
2Wice Ink Tattoos,,,,+27 74 751 0862,396 West St - Durban Central - Durban - 4001 - South Africa,,,,,,,
Alpha Assassin Tattoo,4.8,51,alphaassassintattoo.co.za,+27 71 538 9633,12 Cadmoor Rd - Assagay - Outer West Durban - 3624 - South Africa,8a.m. - 6p.m.,8a.m. - 6p.m.,8a.m. - 6p.m.,8a.m. - 6p.m.,8a.m. - 6p.m.,8a.m. - 6p.m.,8a.m. - 6p.m.
Tevin Ink,5.0,4,,+27 63 075 1834,,9a.m. - 7p.m.,9a.m. - 7p.m.,9a.m. - 7p.m.,9a.m. - 7p.m.,9a.m. - 7p.m.,10a.m. - 7p.m.,10a.m. - 5p.m.
Reunion Tattoo Masters,3.0,2,,+27 78 394 0818,Umlazi Mega City - Shop S182 50 Griffith Mxenge Highway Umlazi 4066 Reunion - Durban - 4089 - South Africa,Closed,9a.m. - 7p.m.,9a.m. - 7p.m.,9a.m. - 7p.m.,8a.m. - 9p.m.,8a.m. - 9p.m.,Open 24 hours
Inkking Tattoos,,,,+27 74 315 9046,57 Spearman Rd - Sydenham - Durban - 4091 - South Africa,11a.m. - 5p.m.,11a.m. - 5p.m.,11a.m. - 5p.m.,11:30a.m. - 5p.m.,11a.m. - 5p.m.,11a.m. - 5p.m.,11a.m. - 5p.m.
Creative Ink,,,,+27 31 573 1048,15 Leslie Ave - Rosehill - Durban - 4051 - South Africa,,,,,,,
Dark Ink Tattoos,,,https://www.facebook.com/DarkInkTattoosbyElieAchkar/,,23 Silver Willow Rd - Springfield - Durban - 1234 - South Africa,,,,,,,
Smokin Tattoos,4.3,17,https://heytattoo.co.za/0333583/Smokin_Tattoos,+27 73 281 2488,36 Inyoni Cres - Athlone Park - Amanzimtoti - 4126 - South Africa,,,,,,,
Nightmare Ink,5.0,11,,+27 31 404 3636,33 Damorosa Cres - Moorton - Chatsworth - 4092 - South Africa,,,,,,,
Sacred Empire Tattoos & Piercings,4.4,5,,+27 83 303 6638,Waterfall - Durban - 3652 - South Africa,10a.m. - 6p.m.,Closed,10a.m. - 6p.m.,10a.m. - 6p.m.,10a.m. - 5p.m.,10a.m. - 3p.m.,10a.m. - 1p.m.
Mondli'S Tattoos,5.0,4,,+27 65 941 0961,Shop 3 Union Ln - Pinetown - Durban - 3610 - South Africa,,,,,,,
Surreal Tattoo Studio,,,,,66 Assegai Cres - Jacobs - Bluff - 4026 - South Africa,,,,,,,
Skincity Route031,5.0,4,,+27 81 435 5412,32 Mthini Rd - Ezilwaneni - KwaMashu - 4360 - South Africa,9a.m. - 6p.m.,9a.m. - 6p.m.,9a.m. - 6p.m.,9a.m. - 6p.m.,9a.m. - 6p.m.,9a.m. - 6p.m.,9a.m. - 12p.m.
Tattoo Artist,,,https://andrewmichaelspsychic.site.live/,+27 74 409 0265,107 Dowland Ave - Memorial Park - Durban - 4092 - South Africa,,,,,,,
Yolo Creationz Tattoos,5.0,1,,+27 74 247 9803,building - 5 Zenith - 20 Solstice Rd - Umhlanga Ridge - Durban - 4319 - South Africa,10a.m. - 6:30p.m.,10a.m. - 6:30p.m.,10a.m. - 6:30p.m.,10a.m. - 6:30p.m.,10a.m. - 6:30p.m.,10a.m. - 7p.m.,10a.m. - 6p.m.
Kaykeo Tattoo Academy,3.4,16,kaykeotattooacademy.co.za,+27 84 995 2989,2 Allagappa Rd - Motala Heights - Pinetown - 3600 - South Africa,8a.m. - 8p.m.,8a.m. - 8p.m.,8a.m. - 8p.m.,8a.m. - 8p.m.,8a.m. - 6p.m.,8a.m. - 10p.m.,8a.m. - 10p.m.
Spray Paint Rebel Tattoo,5.0,10,,+27 74 623 4636,Bester - 20 Ntuzuma Access Road - KwaMashu - 4309 - South Africa,9a.m. - 5p.m.,9a.m. - 5p.m.,9a.m. - 5p.m.,9a.m. - 5p.m.,9a.m. - 5p.m.,9a.m. - 5p.m.,10a.m. - 2p.m.
Ink Wise Durban,5.0,1,,+27 31 306 9945,170 Victoria Embankment - Durban Central - Durban - 4001 - South Africa,8a.m. - 6p.m.,8a.m. - 6p.m.,8a.m. - 6p.m.,8a.m. - 6p.m.,8a.m. - 6p.m.,8a.m. - 6p.m.,8a.m. - 6p.m.
Euroâ˜†Signz Tattoos,5.0,3,https://euro-signz-tattoos.business.site/?utm_source=gmb&utm_medium=referral,+27 83 760 4777,116 Caspian St - Westcliff - Durban - 4092 - South Africa,Open 24 hours,Open 24 hours,Open 24 hours,Open 24 hours,Open 24 hours,Open 24 hours,Open 24 hours
Skin Dreams Tattoos,,,,+27 62 064 7066,109 Colorado Circle - Bayview - Chatsworth - Durban - 4092 - South Africa,,,,,,,
Krsna Tattoos & Piercings,5.0,1,,,391 Palmview drive - Phoenix - Phoenix - Durban - 4068 - South Africa,9a.m. - 8p.m.,9a.m. - 8p.m.,9a.m. - 8p.m.,9a.m. - 8p.m.,9a.m. - 8p.m.,9a.m. - 8p.m.,9a.m. - 8p.m.
Kevin'S Kustom Tattoos,4.0,4,,+27 83 259 7716,Linkhills Shopping Center Waterfall - 3652 - Inanda Rd - Waterfall - Durban - 3652 - South Africa,8a.m. - 3p.m.,8a.m. - 3p.m.,8a.m. - 3p.m.,8a.m. - 3p.m.,8a.m. - 3p.m.,8a.m. - 3p.m.,Closed
Inked By Zunai Tattoo And Piercing Studio,,,,+27 72 044 9458,Shop No. G8 - 250 Umhlanga Rocks Dr - Umhlanga - Durban - 4051 - South Africa,Closed,10a.m. - 7:30p.m.,10a.m. - 7:30p.m.,10a.m. - 7:30p.m.,10a.m. - 7:30p.m.,10a.m. - 7:30p.m.,10a.m. - 5p.m.
Crazy Tattoos,5.0,4,,+27 84 466 8989,6 Ashoka Pl - Croftdene - Chatsworth - 4092 - South Africa,,,,,,,
Rico'S Tattoos & Body Piercing,,,,+27 66 233 0623,,Closed,8a.m. - 6p.m.,8a.m. - 6p.m.,8a.m. - 6p.m.,8a.m. - 6p.m.,8a.m. - 6p.m.,2a.m. - 5p.m.
Proink Tattoos,,,,+27 66 286 3280,4 4th Way - Rockford - Phoenix - 4068 - South Africa,Closed,Closed,Closed,Closed,Closed,11a.m. - 4p.m.,11a.m. - 4p.m.
Insane Inks,5.0,1,https://insane-inks.business.site/?utm_source=gmb&utm_medium=referral,+27 66 219 2730,348 Montdene Dr - Chatsworth - Durban - 4092 - South Africa,Open 24 hours,Open 24 hours,Open 24 hours,Open 24 hours,Open 24 hours,Open 24 hours,Open 24 hours
New Generation Tattoo,,,,+27 31 404 9476,26 Moorton Dr - Chatsworth - Durban - 4092 - South Africa,,,,,,,
Tattoo Equip Sa,5.0,1,https://tattooequip.co.za/,+27 84 995 2989,2 Allagappa Road Unit 2 Pinetown - Motala Heights - Durban - 3610 - South Africa,Open 24 hours,Open 24 hours,Open 24 hours,Open 24 hours,Open 24 hours,Open 24 hours,Open 24 hours
Disturbed Ink,5.0,1,,+27 76 480 7432,8 - 95 Goodwood Rd - Mahogany Ridge - Pinetown - 3608 - South Africa,8a.m. - 6p.m.,8a.m. - 6p.m.,8a.m. - 6p.m.,8a.m. - 6p.m.,8a.m. - 6p.m.,8a.m. - 6p.m.,8a.m. - 6p.m.
Nemesis Tattoo,5.0,4,,+27 79 778 8199,172 Croftdene Dr - Croftdene - Chatsworth - 4092 - South Africa,,,,,,,
Mike Artura - Artura Tattoo Studio,4.3,11,,+27 82 776 8000,B12 Block Hillcrest Park - 45 Ridge Rd - Hillcrest - 3650 - South Africa,10a.m. - 4p.m.,10a.m. - 4p.m.,10a.m. - 4p.m.,10a.m. - 4p.m.,10a.m. - 4p.m.,10a.m. - 4p.m.,Closed
Kaykeo Tattoo Supply,1.0,1,https://tattoo-supply-durban.business.site/,+27 84 995 2989,2 Allagappa Rd - Motala Heights - Pinetown - 3610 - South Africa,9a.m. - 6p.m.,9a.m. - 6p.m.,9a.m. - 6p.m.,9a.m. - 6p.m.,9a.m. - 6p.m.,9a.m. - 6p.m.,9a.m. - 2p.m.
Forbidden Ink,,,,,9 Old Main Rd - Hillcrest - Durban - 3610 - South Africa,,,,,,,
Out The Gutter Ink,5.0,1,,+27 81 829 9854,62 740 Rd - Chatsworth - Durban - 4092 - South Africa,10a.m. - 11p.m.,9a.m. - 11p.m.,9a.m. - 11p.m.,9a.m. - 11p.m.,9a.m. - 10p.m.,9a.m. - 10p.m.,9a.m. - 10p.m.
Ethereal Vision Tattoo Studio,5.0,2,https://www.facebook.com/EtherealVisionsTattooedGoddess,+27 82 857 3503,41 Old Main Rd - Hillcrest - 3610 - South Africa,9a.m. - 4p.m.,9a.m. - 4p.m.,9a.m. - 4p.m.,9a.m. - 4p.m.,9a.m. - 4p.m.,9a.m. - 4p.m.,Closed
I Art Ink Tattoo Studio,,,,+27 31 584 6924,18 Zenith Dr - Umhlanga Ridge - Umhlanga - 4319 - South Africa,,,,,,,
Raw Ink Private Tattoo Sessions,,,https://raw-ink-private-tattoo-sessions.business.site/?utm_source=gmb&utm_medium=referral,+27 65 895 6842,247 Hawk Rd - Verulam - Durban - 4340 - South Africa,10a.m. - 6p.m.,10p.m. - 12a.m.,12a.m. - 6p.m.,10a.m. - 6p.m.,10a.m. - 6p.m.,10a.m. - 8p.m.,Closed
Wespe Custom Arts,,,https://www.facebook.com/wespecustomarts/,+27 65 588 8673,289 Hartley Pl - Amanzimtoti - Durban - 4126 - South Africa,8a.m. - 9p.m.,8a.m. - 9p.m.,8a.m. - 9p.m.,8a.m. - 9p.m.,8a.m. - 9p.m.,8a.m. - 9p.m.,Closed
New Skool Tattoo,,,,+27 60 352 2092,1 Strelitzia Rd - Amanzimtoti - Durban - 4126 - South Africa,,,,,,,
Nemesis Tattoo,,,,,8 Midmar Rd - Burlington Heights - Queensburgh - 4093 - South Africa,,,,,,,
Havoc Ink,,,,,59 Old Main Rd - Hillcrest - 3650 - South Africa,,,,,,,
Puddy Inkers,5.0,2,https://puddy-inkers.business.site/?utm_source=gmb&utm_medium=referral,+27 68 022 2941,Unnamed Road - Umgababa - Durban - 4126 - South Africa,9a.m. - 5p.m.,9a.m. - 5p.m.,9a.m. - 5p.m.,9a.m. - 5p.m.,9a.m. - 5p.m.,9a.m. - 7p.m.,9a.m. - 4p.m.
